id,league_id,season_id,stage_id,round_id,group_id,aggregate_id,venue_id,referee_id,localteam_id,visitorteam_id,winner_team_id,weather_report,commentaries,attendance,pitch,details,neutral_venue,winning_odds_calculated,formations,scores,time,coaches,standings,assistants,leg,colors,deleted,is_placeholder
8636002,732,892,1733,28695,185,,187154,18783,18702,18562,18702,"{'code': 'clouds', 'type': 'broken clouds', 'icon': 'https://cdn.sportmonks.com/images/weather/04d.png', 'temperature': {'temp': 61.7, 'unit': 'fahrenheit'}, 'clouds': '75%', 'humidity': '48%', 'wind': {'speed': '6.71 m/s', 'degree': 110}}",True,78011,Good,,False,True,"{'localteam_formation': '4-2-3-1', 'visitorteam_formation': '4-1-4-1'}","{'localteam_score': 5, 'visitorteam_score': 0, 'localteam_pen_score': None, 'visitorteam_pen_score': None, 'ht_score': '2-0', 'ft_score': '5-0', 'et_score': None, 'ps_score': None}","{'status': 'FT', 'starting_at': {'date_time': '2018-06-14 15:00:00', 'date': '2018-06-14', 'time': '15:00:00', 'timestamp': 1528988400, 'timezone': 'UTC'}, 'minute': 90, 'second': 52, 'added_time': 3, 'extra_minute': None, 'injury_time': None}","{'localteam_coach_id': 896300, 'visitorteam_coach_id': 896807}","{'localteam_position': 1, 'visitorteam_position': 2}","{'first_assistant_id': 18342, 'second_assistant_id': 18423, 'fourth_official_id': 13477}",1/1,,False,False
8636003,732,892,1733,28695,185,,275980,15767,18546,15251,15251,"{'code': 'clouds', 'type': 'scattered clouds', 'icon': 'https://cdn.sportmonks.com/images/weather/03d.png', 'temperature': {'temp': 59, 'unit': 'fahrenheit'}, 'clouds': '40%', 'humidity': '55%', 'wind': {'speed': '20.13 m/s', 'degree': 270}}",True,27015,,,False,True,"{'localteam_formation': '4-2-3-1', 'visitorteam_formation': '4-4-2'}","{'localteam_score': 0, 'visitorteam_score': 1, 'localteam_pen_score': None, 'visitorteam_pen_score': None, 'ht_score': '0-0', 'ft_score': '0-1', 'et_score': None, 'ps_score': None}","{'status': 'FT', 'starting_at': {'date_time': '2018-06-15 12:00:00', 'date': '2018-06-15', 'time': '12:00:00', 'timestamp': 1529064000, 'timezone': 'UTC'}, 'minute': 90, 'second': 7, 'added_time': 0, 'extra_minute': None, 'injury_time': None}","{'localteam_coach_id': 474336, 'visitorteam_coach_id': 472158}","{'localteam_position': 2, 'visitorteam_position': 2}","{'first_assistant_id': 12732, 'second_assistant_id': 12734, 'fourth_official_id': 16781}",1/1,,False,False
8636004,732,892,1733,28695,186,,187159,14516,18551,18652,18652,,True,62548,,,False,True,"{'localteam_formation': '4-2-3-1', 'visitorteam_formation': '4-1-4-1'}","{'localteam_score': 0, 'visitorteam_score': 1, 'localteam_pen_score': None, 'visitorteam_pen_score': None, 'ht_score': '0-0', 'ft_score': '0-1', 'et_score': None, 'ps_score': None}","{'status': 'FT', 'starting_at': {'date_time': '2018-06-15 15:00:00', 'date': '2018-06-15', 'time': '15:00:00', 'timestamp': 1529074800, 'timezone': 'UTC'}, 'minute': 90, 'second': 2, 'added_time': 0, 'extra_minute': None, 'injury_time': None}","{'localteam_coach_id': 474402, 'visitorteam_coach_id': 474615}","{'localteam_position': 3, 'visitorteam_position': 4}","{'first_assistant_id': 12806, 'second_assistant_id': 12882, 'fourth_official_id': 18725}",1/1,,False,False
8636005,732,892,1733,28695,186,,20259,15289,18701,18710,,"{'code': 'clouds', 'type': 'broken clouds', 'icon': 'https://cdn.sportmonks.com/images/weather/04d.png', 'temperature': {'temp': 78.8, 'unit': 'fahrenheit'}, 'clouds': '75%', 'humidity': '74%', 'wind': {'speed': '4.47 m/s', 'degree': 250}}",True,43866,,,False,True,"{'localteam_formation': '4-4-2', 'visitorteam_formation': '4-3-3'}","{'localteam_score': 3, 'visitorteam_score': 3, 'localteam_pen_score': None, 'visitorteam_pen_score': None, 'ht_score': '2-1', 'ft_score': '3-3', 'et_score': None, 'ps_score': None}","{'status': 'FT', 'starting_at': {'date_time': '2018-06-15 18:00:00', 'date': '2018-06-15', 'time': '18:00:00', 'timestamp': 1529085600, 'timezone': 'UTC'}, 'minute': 90, 'second': 1, 'added_time': 0, 'extra_minute': None, 'injury_time': None}","{'localteam_coach_id': 896314, 'visitorteam_coach_id': 523971}","{'localteam_position': 1, 'visitorteam_position': 2}","{'first_assistant_id': 15290, 'second_assistant_id': 15291, 'fourth_official_id': 23394}",1/1,,False,False
8636006,732,892,1733,28695,187,,8869,28655,18647,18730,18647,,True,41279,,,False,True,"{'localteam_formation': '4-3-3', 'visitorteam_formation': '4-4-1-1'}","{'localteam_score': 2, 'visitorteam_score': 1, 'localteam_pen_score': None, 'visitorteam_pen_score': None, 'ht_score': '0-0', 'ft_score': '2-1', 'et_score': None, 'ps_score': None}","{'status': 'FT', 'starting_at': {'date_time': '2018-06-16 10:00:00', 'date': '2018-06-16', 'time': '10:00:00', 'timestamp': 1529143200, 'timezone': 'UTC'}, 'minute': 90, 'second': 31, 'added_time': 0, 'extra_minute': None, 'injury_time': None}","{'localteam_coach_id': 474616, 'visitorteam_coach_id': 474437}","{'localteam_position': 1, 'visitorteam_position': 2}","{'first_assistant_id': 22331, 'second_assistant_id': 22330, 'fourth_official_id': 11747}",1/1,,False,False
8636007,732,892,1733,28695,188,,1609,18671,18644,18635,,"{'code': 'clouds', 'type': 'few clouds', 'icon': 'https://cdn.sportmonks.com/images/weather/02d.png', 'temperature': {'temp': 90.75, 'unit': 'fahrenheit'}, 'clouds': '20%', 'humidity': '18%', 'wind': {'speed': '4.16 m/s', 'degree': 282.51}}",True,44190,,,False,True,"{'localteam_formation': '4-2-3-1', 'visitorteam_formation': '4-4-1-1'}","{'localteam_score': 1, 'visitorteam_score': 1, 'localteam_pen_score': None, 'visitorteam_pen_score': None, 'ht_score': '1-1', 'ft_score': '1-1', 'et_score': None, 'ps_score': None}","{'status': 'FT', 'starting_at': {'date_time': '2018-06-16 13:00:00', 'date': '2018-06-16', 'time': '13:00:00', 'timestamp': 1529154000, 'timezone': 'UTC'}, 'minute': 90, 'second': 6, 'added_time': 0, 'extra_minute': None, 'injury_time': None}","{'localteam_coach_id': 456014, 'visitorteam_coach_id': 474555}","{'localteam_position': 1, 'visitorteam_position': 2}","{'first_assistant_id': 19365, 'second_assistant_id': 16877, 'fourth_official_id': 14905}",1/1,,False,False
8636008,732,892,1733,28695,187,,186515,13616,18775,18583,18583,"{'code': 'clear', 'type': 'clear sky', 'icon': 'https://cdn.sportmonks.com/images/weather/01d.png', 'temperature': {'temp': 63.98, 'unit': 'fahrenheit'}, 'clouds': '0%', 'humidity': '58%', 'wind': {'speed': '8.5 m/s', 'degree': 17.5062}}",True,40502,,,False,True,"{'localteam_formation': '4-2-3-1', 'visitorteam_formation': '4-2-3-1'}","{'localteam_score': 0, 'visitorteam_score': 1, 'localteam_pen_score': None, 'visitorteam_pen_score': None, 'ht_score': '0-0', 'ft_score': '0-1', 'et_score': None, 'ps_score': None}","{'status': 'FT', 'starting_at': {'date_time': '2018-06-16 16:00:00', 'date': '2018-06-16', 'time': '16:00:00', 'timestamp': 1529164800, 'timezone': 'UTC'}, 'minute': 90, 'second': 14, 'added_time': 0, 'extra_minute': None, 'injury_time': None}","{'localteam_coach_id': 474849, 'visitorteam_coach_id': 474444}","{'localteam_position': 2, 'visitorteam_position': 2}","{'first_assistant_id': 13617, 'second_assistant_id': 15783, 'fourth_official_id': 15782}",1/1,,False,False
8636009,732,892,1733,28695,188,,186514,13477,18588,18737,18588,"{'code': 'clear', 'type': 'clear sky', 'icon': 'https://cdn.sportmonks.com/images/weather/01d.png', 'temperature': {'temp': 66.2, 'unit': 'fahrenheit'}, 'clouds': '0%', 'humidity': '63%', 'wind': {'speed': '4.47 m/s', 'degree': 340}}",True,31136,,,False,True,"{'localteam_formation': '4-2-3-1', 'visitorteam_formation': '4-2-3-1'}","{'localteam_score': 2, 'visitorteam_score': 0, 'localteam_pen_score': None, 'visitorteam_pen_score': None, 'ht_score': '1-0', 'ft_score': '2-0', 'et_score': None, 'ps_score': None}","{'status': 'FT', 'starting_at': {'date_time': '2018-06-16 19:00:00', 'date': '2018-06-16', 'time': '19:00:00', 'timestamp': 1529175600, 'timezone': 'UTC'}, 'minute': 90, 'second': 9, 'added_time': 0, 'extra_minute': None, 'injury_time': None}","{'localteam_coach_id': 896785, 'visitorteam_coach_id': 474749}","{'localteam_position': 3, 'visitorteam_position': 3}","{'first_assistant_id': 13471, 'second_assistant_id': 12846, 'fourth_official_id': 11710}",1/1,,False,False
8636010,732,892,1733,28695,189,,219226,14013,18598,18873,18873,"{'code': 'clear', 'type': 'clear sky', 'icon': 'https://cdn.sportmonks.com/images/weather/01d.png', 'temperature': {'temp': 73.4, 'unit': 'fahrenheit'}, 'clouds': '0%', 'humidity': '27%', 'wind': {'speed': '13.42 m/s', 'degree': 320}}",True,41432,,,False,True,"{'localteam_formation': '3-4-2-1', 'visitorteam_formation': '4-2-3-1'}","{'localteam_score': 0, 'visitorteam_score': 1, 'localteam_pen_score': None, 'visitorteam_pen_score': None, 'ht_score': '0-0', 'ft_score': '0-1', 'et_score': None, 'ps_score': None}","{'status': 'FT', 'starting_at': {'date_time': '2018-06-17 12:00:00', 'date': '2018-06-17', 'time': '12:00:00', 'timestamp': 1529236800, 'timezone': 'UTC'}, 'minute': 90, 'second': 38, 'added_time': 0, 'extra_minute': None, 'injury_time': None}","{'localteam_coach_id': 1452826, 'visitorteam_coach_id': 7714354}","{'localteam_position': 3, 'visitorteam_position': 4}","{'first_assistant_id': 14014, 'second_assistant_id': 14015, 'fourth_official_id': 30462}",1/1,,False,False
8636011,732,892,1733,28695,190,,187154,23415,18660,18576,18576,"{'code': 'clear', 'type': 'clear sky', 'icon': 'https://cdn.sportmonks.com/images/weather/01d.png', 'temperature': {'temp': 76.55, 'unit': 'fahrenheit'}, 'clouds': '0%', 'humidity': '33%', 'wind': {'speed': '6.71 m/s', 'degree': 120}}",True,78011,,,False,True,"{'localteam_formation': '4-2-3-1', 'visitorteam_formation': '4-2-3-1'}","{'localteam_score': 0, 'visitorteam_score': 1, 'localteam_pen_score': None, 'visitorteam_pen_score': None, 'ht_score': '0-1', 'ft_score': '0-1', 'et_score': None, 'ps_score': None}","{'status': 'FT', 'starting_at': {'date_time': '2018-06-17 15:00:00', 'date': '2018-06-17', 'time': '15:00:00', 'timestamp': 1529247600, 'timezone': 'UTC'}, 'minute': 90, 'second': 6, 'added_time': 0, 'extra_minute': None, 'injury_time': None}","{'localteam_coach_id': 896295, 'visitorteam_coach_id': 896292}","{'localteam_position': 1, 'visitorteam_position': 2}","{'first_assistant_id': 23416, 'second_assistant_id': 23417, 'fourth_official_id': 27445}",1/1,,False,False
8636012,732,892,1733,28695,189,,219227,15641,18704,18708,,"{'code': 'clouds', 'type': 'few clouds', 'icon': 'https://cdn.sportmonks.com/images/weather/02d.png', 'temperature': {'temp': 70.93, 'unit': 'fahrenheit'}, 'clouds': '12%', 'humidity': '51%', 'wind': {'speed': '6.06 m/s', 'degree': 100}}",True,43109,,,False,True,"{'localteam_formation': '4-3-3', 'visitorteam_formation': '4-2-3-1'}","{'localteam_score': 1, 'visitorteam_score': 1, 'localteam_pen_score': None, 'visitorteam_pen_score': None, 'ht_score': '1-0', 'ft_score': '1-1', 'et_score': None, 'ps_score': None}","{'status': 'FT', 'starting_at': {'date_time': '2018-06-17 18:00:00', 'date': '2018-06-17', 'time': '18:00:00', 'timestamp': 1529258400, 'timezone': 'UTC'}, 'minute': 90, 'second': 29, 'added_time': 0, 'extra_minute': None, 'injury_time': None}","{'localteam_coach_id': 474720, 'visitorteam_coach_id': 474706}","{'localteam_position': 2, 'visitorteam_position': 2}","{'first_assistant_id': 12690, 'second_assistant_id': 13399, 'fourth_official_id': 31500}",1/1,,False,False
8636013,732,892,1733,28695,190,,186516,24618,18564,18567,18564,,True,42300,,,False,True,"{'localteam_formation': '4-4-2', 'visitorteam_formation': '4-3-3'}","{'localteam_score': 1, 'visitorteam_score': 0, 'localteam_pen_score': None, 'visitorteam_pen_score': None, 'ht_score': '0-0', 'ft_score': '1-0', 'et_score': None, 'ps_score': None}","{'status': 'FT', 'starting_at': {'date_time': '2018-06-18 12:00:00', 'date': '2018-06-18', 'time': '12:00:00', 'timestamp': 1529323200, 'timezone': 'UTC'}, 'minute': 90, 'second': 13, 'added_time': 0, 'extra_minute': None, 'injury_time': None}","{'localteam_coach_id': 474427, 'visitorteam_coach_id': 1552218}","{'localteam_position': 2, 'visitorteam_position': 3}","{'first_assistant_id': 24619, 'second_assistant_id': 21315, 'fourth_official_id': 31508}",1/1,,False,False
8636014,732,892,1733,28695,191,,20259,24137,18743,18717,18743,"{'code': 'clouds', 'type': 'broken clouds', 'icon': 'https://cdn.sportmonks.com/images/weather/04d.png', 'temperature': {'temp': 80.6, 'unit': 'fahrenheit'}, 'clouds': '75%', 'humidity': '54%', 'wind': {'speed': '6.71 m/s', 'degree': 270}}",True,43257,,,False,True,"{'localteam_formation': '3-4-2-1', 'visitorteam_formation': '4-1-4-1'}","{'localteam_score': 3, 'visitorteam_score': 0, 'localteam_pen_score': None, 'visitorteam_pen_score': None, 'ht_score': '0-0', 'ft_score': '3-0', 'et_score': None, 'ps_score': None}","{'status': 'FT', 'starting_at': {'date_time': '2018-06-18 15:00:00', 'date': '2018-06-18', 'time': '15:00:00', 'timestamp': 1529334000, 'timezone': 'UTC'}, 'minute': 90, 'second': 4, 'added_time': 0, 'extra_minute': None, 'injury_time': None}","{'localteam_coach_id': 474796, 'visitorteam_coach_id': 1452825}","{'localteam_position': 1, 'visitorteam_position': 2}","{'first_assistant_id': 21306, 'second_assistant_id': 18556, 'fourth_official_id': 23394}",1/1,,False,False
8636015,732,892,1733,28695,191,,186522,14905,18554,18645,18645,"{'code': 'clear', 'type': 'clear sky', 'icon': 'https://cdn.sportmonks.com/images/weather/01d.png', 'temperature': {'temp': 78.8, 'unit': 'fahrenheit'}, 'clouds': '0%', 'humidity': '19%', 'wind': {'speed': '4.47 m/s', 'degree': 90}}",True,41064,,,False,True,"{'localteam_formation': '4-1-4-1', 'visitorteam_formation': '3-1-4-2'}","{'localteam_score': 1, 'visitorteam_score': 2, 'localteam_pen_score': None, 'visitorteam_pen_score': None, 'ht_score': '1-1', 'ft_score': '1-2', 'et_score': None, 'ps_score': None}","{'status': 'FT', 'starting_at': {'date_time': '2018-06-18 18:00:00', 'date': '2018-06-18', 'time': '18:00:00', 'timestamp': 1529344800, 'timezone': 'UTC'}, 'minute': 90, 'second': 11, 'added_time': 0, 'extra_minute': None, 'injury_time': None}","{'localteam_coach_id': 1565666, 'visitorteam_coach_id': 474589}","{'localteam_position': 3, 'visitorteam_position': 4}","{'first_assistant_id': 14647, 'second_assistant_id': 20142, 'fourth_official_id': 15883}",1/1,,False,False
8636016,732,892,1733,28695,192,,186515,16679,18720,18597,18597,"{'code': 'clouds', 'type': 'few clouds', 'icon': 'https://cdn.sportmonks.com/images/weather/02d.png', 'temperature': {'temp': 80.48, 'unit': 'fahrenheit'}, 'clouds': '12%', 'humidity': '46%', 'wind': {'speed': '6.96 m/s', 'degree': 297.001}}",True,40842,,,False,True,"{'localteam_formation': '4-2-3-1', 'visitorteam_formation': '4-2-3-1'}","{'localteam_score': 1, 'visitorteam_score': 2, 'localteam_pen_score': None, 'visitorteam_pen_score': None, 'ht_score': '1-1', 'ft_score': '1-2', 'et_score': None, 'ps_score': None}","{'status': 'FT', 'starting_at': {'date_time': '2018-06-19 12:00:00', 'date': '2018-06-19', 'time': '12:00:00', 'timestamp': 1529409600, 'timezone': 'UTC'}, 'minute': 90, 'second': 11, 'added_time': 0, 'extra_minute': None, 'injury_time': None}","{'localteam_coach_id': 474731, 'visitorteam_coach_id': 17187245}","{'localteam_position': 3, 'visitorteam_position': 4}","{'first_assistant_id': 16680, 'second_assistant_id': 16681, 'fourth_official_id': 15782}",1/1,,False,False
8636017,732,892,1733,28695,192,,1609,31517,18699,18558,18558,"{'code': 'clear', 'type': 'clear sky', 'icon': 'https://cdn.sportmonks.com/images/weather/01d.png', 'temperature': {'temp': 84, 'unit': 'fahrenheit'}, 'clouds': '0%', 'humidity': '17%', 'wind': {'speed': '6.6 m/s', 'degree': 215.008}}",True,44190,,,False,True,"{'localteam_formation': '4-2-3-1', 'visitorteam_formation': '4-4-2'}","{'localteam_score': 1, 'visitorteam_score': 2, 'localteam_pen_score': None, 'visitorteam_pen_score': None, 'ht_score': '0-1', 'ft_score': '1-2', 'et_score': None, 'ps_score': None}","{'status': 'FT', 'starting_at': {'date_time': '2018-06-19 15:00:00', 'date': '2018-06-19', 'time': '15:00:00', 'timestamp': 1529420400, 'timezone': 'UTC'}, 'minute': 90, 'second': 13, 'added_time': 0, 'extra_minute': None, 'injury_time': None}","{'localteam_coach_id': 535594, 'visitorteam_coach_id': 474395}","{'localteam_position': 2, 'visitorteam_position': 2}","{'first_assistant_id': 31518, 'second_assistant_id': 23434, 'fourth_official_id': 16445}",1/1,,False,False
8636018,732,892,1733,140842,185,,187159,16046,18702,18546,18702,,True,64468,,,False,True,"{'localteam_formation': '4-2-3-1', 'visitorteam_formation': '4-2-3-1'}","{'localteam_score': 3, 'visitorteam_score': 1, 'localteam_pen_score': None, 'visitorteam_pen_score': None, 'ht_score': '0-0', 'ft_score': '3-1', 'et_score': None, 'ps_score': None}","{'status': 'FT', 'starting_at': {'date_time': '2018-06-19 18:00:00', 'date': '2018-06-19', 'time': '18:00:00', 'timestamp': 1529431200, 'timezone': 'UTC'}, 'minute': 90, 'second': 4, 'added_time': 0, 'extra_minute': None, 'injury_time': None}","{'localteam_coach_id': 896300, 'visitorteam_coach_id': 474336}","{'localteam_position': 1, 'visitorteam_position': 3}","{'first_assistant_id': 18523, 'second_assistant_id': 18524, 'fourth_official_id': 14516}",1/1,,False,False
8636019,732,892,1733,140842,186,,187154,25228,18701,18551,18701,"{'code': 'clear', 'type': 'clear sky', 'icon': 'https://cdn.sportmonks.com/images/weather/01d.png', 'temperature': {'temp': 70.7, 'unit': 'fahrenheit'}, 'clouds': '0%', 'humidity': '35%', 'wind': {'speed': '15.66 m/s', 'degree': 300}}",True,78011,,,False,True,"{'localteam_formation': '4-4-2', 'visitorteam_formation': '4-2-3-1'}","{'localteam_score': 1, 'visitorteam_score': 0, 'localteam_pen_score': None, 'visitorteam_pen_score': None, 'ht_score': '1-0', 'ft_score': '1-0', 'et_score': None, 'ps_score': None}","{'status': 'FT', 'starting_at': {'date_time': '2018-06-20 12:00:00', 'date': '2018-06-20', 'time': '12:00:00', 'timestamp': 1529496000, 'timezone': 'UTC'}, 'minute': 90, 'second': 10, 'added_time': 0, 'extra_minute': None, 'injury_time': None}","{'localteam_coach_id': 896314, 'visitorteam_coach_id': 474402}","{'localteam_position': 2, 'visitorteam_position': 4}","{'first_assistant_id': 26865, 'second_assistant_id': 25229, 'fourth_official_id': 18725}",1/1,,False,False
8636020,732,892,1733,140842,185,,219227,16685,15251,18562,15251,"{'code': 'clear', 'type': 'clear sky', 'icon': 'https://cdn.sportmonks.com/images/weather/01d.png', 'temperature': {'temp': 76.54, 'unit': 'fahrenheit'}, 'clouds': '0%', 'humidity': '40%', 'wind': {'speed': '16.8 m/s', 'degree': 299.503}}",True,42678,,,False,True,"{'localteam_formation': '4-4-2', 'visitorteam_formation': '4-2-3-1'}","{'localteam_score': 1, 'visitorteam_score': 0, 'localteam_pen_score': None, 'visitorteam_pen_score': None, 'ht_score': '1-0', 'ft_score': '1-0', 'et_score': None, 'ps_score': None}","{'status': 'FT', 'starting_at': {'date_time': '2018-06-20 15:00:00', 'date': '2018-06-20', 'time': '15:00:00', 'timestamp': 1529506800, 'timezone': 'UTC'}, 'minute': 90, 'second': 59, 'added_time': 0, 'extra_minute': None, 'injury_time': None}","{'localteam_coach_id': 472158, 'visitorteam_coach_id': 896807}","{'localteam_position': 2, 'visitorteam_position': 4}","{'first_assistant_id': 12856, 'second_assistant_id': 12852, 'fourth_official_id': 31500}",1/1,,False,False
8636021,732,892,1733,140842,186,,8869,28655,18652,18710,18710,,True,42718,,,False,True,"{'localteam_formation': '4-1-4-1', 'visitorteam_formation': '4-1-4-1'}","{'localteam_score': 0, 'visitorteam_score': 1, 'localteam_pen_score': None, 'visitorteam_pen_score': None, 'ht_score': '0-0', 'ft_score': '0-1', 'et_score': None, 'ps_score': None}","{'status': 'FT', 'starting_at': {'date_time': '2018-06-20 18:00:00', 'date': '2018-06-20', 'time': '18:00:00', 'timestamp': 1529517600, 'timezone': 'UTC'}, 'minute': 90, 'second': 6, 'added_time': 0, 'extra_minute': None, 'injury_time': None}","{'localteam_coach_id': 474615, 'visitorteam_coach_id': 523971}","{'localteam_position': 2, 'visitorteam_position': 3}","{'first_assistant_id': 22331, 'second_assistant_id': 22330, 'fourth_official_id': 11747}",1/1,,False,False
8636022,732,892,1733,140842,187,,219226,11710,18583,18730,,"{'code': 'clouds', 'type': 'scattered clouds', 'icon': 'https://cdn.sportmonks.com/images/weather/03d.png', 'temperature': {'temp': 73.4, 'unit': 'fahrenheit'}, 'clouds': '40%', 'humidity': '28%', 'wind': {'speed': '17.9 m/s', 'degree': 290}}",True,40727,,,False,True,"{'localteam_formation': '4-2-3-1', 'visitorteam_formation': '4-4-1-1'}","{'localteam_score': 1, 'visitorteam_score': 1, 'localteam_pen_score': None, 'visitorteam_pen_score': None, 'ht_score': '1-1', 'ft_score': '1-1', 'et_score': None, 'ps_score': None}","{'status': 'FT', 'starting_at': {'date_time': '2018-06-21 12:00:00', 'date': '2018-06-21', 'time': '12:00:00', 'timestamp': 1529582400, 'timezone': 'UTC'}, 'minute': 90, 'second': 12, 'added_time': 0, 'extra_minute': None, 'injury_time': None}","{'localteam_coach_id': 474444, 'visitorteam_coach_id': 474437}","{'localteam_position': 2, 'visitorteam_position': 3}","{'first_assistant_id': 11711, 'second_assistant_id': 14349, 'fourth_official_id': 30462}",1/1,,False,False
8636023,732,892,1733,140842,187,,275980,27445,18647,18775,18647,"{'code': 'clouds', 'type': 'broken clouds', 'icon': 'https://cdn.sportmonks.com/images/weather/04d.png', 'temperature': {'temp': 53.6, 'unit': 'fahrenheit'}, 'clouds': '75%', 'humidity': '81%', 'wind': {'speed': '13.42 m/s', 'degree': 240}}",True,32789,,,False,True,"{'localteam_formation': '4-2-3-1', 'visitorteam_formation': '4-2-3-1'}","{'localteam_score': 1, 'visitorteam_score': 0, 'localteam_pen_score': None, 'visitorteam_pen_score': None, 'ht_score': '1-0', 'ft_score': '1-0', 'et_score': None, 'ps_score': None}","{'status': 'FT', 'starting_at': {'date_time': '2018-06-21 15:00:00', 'date': '2018-06-21', 'time': '15:00:00', 'timestamp': 1529593200, 'timezone': 'UTC'}, 'minute': 90, 'second': 23, 'added_time': 0, 'extra_minute': None, 'injury_time': None}","{'localteam_coach_id': 474616, 'visitorteam_coach_id': 474849}","{'localteam_position': 2, 'visitorteam_position': 4}","{'first_assistant_id': 18610, 'second_assistant_id': 18613, 'fourth_official_id': 24137}",1/1,,False,False
8636024,732,892,1733,140842,188,,186516,17667,18644,18588,18588,,True,43319,,,False,True,"{'localteam_formation': '3-4-2-1', 'visitorteam_formation': '4-1-4-1'}","{'localteam_score': 0, 'visitorteam_score': 3, 'localteam_pen_score': None, 'visitorteam_pen_score': None, 'ht_score': '0-0', 'ft_score': '0-3', 'et_score': None, 'ps_score': None}","{'status': 'FT', 'starting_at': {'date_time': '2018-06-21 18:00:00', 'date': '2018-06-21', 'time': '18:00:00', 'timestamp': 1529604000, 'timezone': 'UTC'}, 'minute': 90, 'second': 14, 'added_time': 0, 'extra_minute': None, 'injury_time': None}","{'localteam_coach_id': 456014, 'visitorteam_coach_id': 896785}","{'localteam_position': 2, 'visitorteam_position': 1}","{'first_assistant_id': 17668, 'second_assistant_id': 17669, 'fourth_official_id': 31508}",1/1,,False,False
8636025,732,892,1733,140842,189,,187159,15767,18704,18598,18704,,True,64468,,,False,True,"{'localteam_formation': '4-3-3', 'visitorteam_formation': '3-4-2-1'}","{'localteam_score': 2, 'visitorteam_score': 0, 'localteam_pen_score': None, 'visitorteam_pen_score': None, 'ht_score': '0-0', 'ft_score': '2-0', 'et_score': None, 'ps_score': None}","{'status': 'FT', 'starting_at': {'date_time': '2018-06-22 12:00:00', 'date': '2018-06-22', 'time': '12:00:00', 'timestamp': 1529668800, 'timezone': 'UTC'}, 'minute': 90, 'second': 10, 'added_time': 0, 'extra_minute': None, 'injury_time': None}","{'localteam_coach_id': 474720, 'visitorteam_coach_id': 1452826}","{'localteam_position': 2, 'visitorteam_position': 4}","{'first_assistant_id': 12732, 'second_assistant_id': 12734, 'fourth_official_id': 16679}",1/1,,False,False
8636026,732,892,1733,140842,188,,186522,14622,18737,18635,18737,"{'code': 'clear', 'type': 'clear sky', 'icon': 'https://cdn.sportmonks.com/images/weather/01d.png', 'temperature': {'temp': 89.6, 'unit': 'fahrenheit'}, 'clouds': '0%', 'humidity': '21%', 'wind': {'speed': '4.47 m/s', 'degree': 40}}",True,40904,,,False,True,"{'localteam_formation': '3-5-2', 'visitorteam_formation': '4-4-2'}","{'localteam_score': 2, 'visitorteam_score': 0, 'localteam_pen_score': None, 'visitorteam_pen_score': None, 'ht_score': '0-0', 'ft_score': '2-0', 'et_score': None, 'ps_score': None}","{'status': 'FT', 'starting_at': {'date_time': '2018-06-22 15:00:00', 'date': '2018-06-22', 'time': '15:00:00', 'timestamp': 1529679600, 'timezone': 'UTC'}, 'minute': 90, 'second': 30, 'added_time': 0, 'extra_minute': None, 'injury_time': None}","{'localteam_coach_id': 474749, 'visitorteam_coach_id': 474555}","{'localteam_position': 4, 'visitorteam_position': 2}","{'first_assistant_id': 13900, 'second_assistant_id': 31543, 'fourth_official_id': 15883}",1/1,,False,False
8636027,732,892,1733,140842,189,,186514,15406,18873,18708,18708,"{'code': 'clouds', 'type': 'scattered clouds', 'icon': 'https://cdn.sportmonks.com/images/weather/03d.png', 'temperature': {'temp': 60.8, 'unit': 'fahrenheit'}, 'clouds': '40%', 'humidity': '67%', 'wind': {'speed': '11.18 m/s', 'degree': 250}}",True,33167,,,False,True,"{'localteam_formation': '4-2-3-1', 'visitorteam_formation': '4-2-3-1'}","{'localteam_score': 1, 'visitorteam_score': 2, 'localteam_pen_score': None, 'visitorteam_pen_score': None, 'ht_score': '1-0', 'ft_score': '1-2', 'et_score': None, 'ps_score': None}","{'status': 'FT', 'starting_at': {'date_time': '2018-06-22 18:00:00', 'date': '2018-06-22', 'time': '18:00:00', 'timestamp': 1529690400, 'timezone': 'UTC'}, 'minute': 90, 'second': 52, 'added_time': 0, 'extra_minute': None, 'injury_time': None}","{'localteam_coach_id': 7714354, 'visitorteam_coach_id': 474706}","{'localteam_position': 2, 'visitorteam_position': 3}","{'first_assistant_id': 12081, 'second_assistant_id': 12082, 'fourth_official_id': 31517}",1/1,,False,False
8636028,732,892,1733,140842,191,,1609,25224,18743,18554,18743,"{'code': 'clear', 'type': 'clear sky', 'icon': 'https://cdn.sportmonks.com/images/weather/01d.png', 'temperature': {'temp': 94.48, 'unit': 'fahrenheit'}, 'clouds': '0%', 'humidity': '12%', 'wind': {'speed': '7.4 m/s', 'degree': 253.5}}",True,44190,,,False,True,"{'localteam_formation': '3-4-2-1', 'visitorteam_formation': '4-3-3'}","{'localteam_score': 5, 'visitorteam_score': 2, 'localteam_pen_score': None, 'visitorteam_pen_score': None, 'ht_score': '3-1', 'ft_score': '5-2', 'et_score': None, 'ps_score': None}","{'status': 'FT', 'starting_at': {'date_time': '2018-06-23 12:00:00', 'date': '2018-06-23', 'time': '12:00:00', 'timestamp': 1529755200, 'timezone': 'UTC'}, 'minute': 90, 'second': 23, 'added_time': 0, 'extra_minute': None, 'injury_time': None}","{'localteam_coach_id': 474796, 'visitorteam_coach_id': 1565666}","{'localteam_position': 1, 'visitorteam_position': 3}","{'first_assistant_id': 23953, 'second_assistant_id': 24619, 'fourth_official_id': 28655}",1/1,,False,False
8636029,732,892,1733,140842,190,,219227,16781,18567,18576,18576,"{'code': 'rain', 'type': 'light rain', 'icon': 'https://cdn.sportmonks.com/images/weather/10d.png', 'temperature': {'temp': 70.66, 'unit': 'fahrenheit'}, 'clouds': '92%', 'humidity': '75%', 'wind': {'speed': '12.21 m/s', 'degree': 198.502}}",True,43472,,,False,True,"{'localteam_formation': '4-2-3-1', 'visitorteam_formation': '4-2-3-1'}","{'localteam_score': 1, 'visitorteam_score': 2, 'localteam_pen_score': None, 'visitorteam_pen_score': None, 'ht_score': '0-1', 'ft_score': '1-2', 'et_score': None, 'ps_score': None}","{'status': 'FT', 'starting_at': {'date_time': '2018-06-23 15:00:00', 'date': '2018-06-23', 'time': '15:00:00', 'timestamp': 1529766000, 'timezone': 'UTC'}, 'minute': 90, 'second': 10, 'added_time': 0, 'extra_minute': None, 'injury_time': None}","{'localteam_coach_id': 1552218, 'visitorteam_coach_id': 896292}","{'localteam_position': 3, 'visitorteam_position': 2}","{'first_assistant_id': 16782, 'second_assistant_id': 16783, 'fourth_official_id': 31500}",1/1,,False,False
8636030,732,892,1733,140842,190,,20259,18671,18660,18564,18660,"{'code': 'clouds', 'type': 'broken clouds', 'icon': 'https://cdn.sportmonks.com/images/weather/04d.png', 'temperature': {'temp': 77, 'unit': 'fahrenheit'}, 'clouds': '75%', 'humidity': '78%', 'wind': {'speed': '6.71 m/s', 'degree': 140}}",True,44287,,,False,True,"{'localteam_formation': '4-2-3-1', 'visitorteam_formation': '4-4-2'}","{'localteam_score': 2, 'visitorteam_score': 1, 'localteam_pen_score': None, 'visitorteam_pen_score': None, 'ht_score': '0-1', 'ft_score': '2-1', 'et_score': None, 'ps_score': None}","{'status': 'FT', 'starting_at': {'date_time': '2018-06-23 18:00:00', 'date': '2018-06-23', 'time': '18:00:00', 'timestamp': 1529776800, 'timezone': 'UTC'}, 'minute': 90, 'second': 5, 'added_time': 0, 'extra_minute': None, 'injury_time': None}","{'localteam_coach_id': 896295, 'visitorteam_coach_id': 474427}","{'localteam_position': 3, 'visitorteam_position': 2}","{'first_assistant_id': 19365, 'second_assistant_id': 16877, 'fourth_official_id': 23394}",1/1,,False,False
8636031,732,892,1733,140842,191,,186516,22050,18645,18717,18645,,True,43319,,,False,True,"{'localteam_formation': '3-1-4-2', 'visitorteam_formation': '4-1-4-1'}","{'localteam_score': 6, 'visitorteam_score': 1, 'localteam_pen_score': None, 'visitorteam_pen_score': None, 'ht_score': '5-0', 'ft_score': '6-1', 'et_score': None, 'ps_score': None}","{'status': 'FT', 'starting_at': {'date_time': '2018-06-24 12:00:00', 'date': '2018-06-24', 'time': '12:00:00', 'timestamp': 1529841600, 'timezone': 'UTC'}, 'minute': 90, 'second': 25, 'added_time': 0, 'extra_minute': None, 'injury_time': None}","{'localteam_coach_id': 474589, 'visitorteam_coach_id': 1452825}","{'localteam_position': 2, 'visitorteam_position': 3}","{'first_assistant_id': 30466, 'second_assistant_id': 30467, 'fourth_official_id': 31508}",1/1,,False,False
8636032,732,892,1733,140842,192,,275980,15289,18597,18558,,"{'code': 'clear', 'type': 'clear sky', 'icon': 'https://cdn.sportmonks.com/images/weather/01d.png', 'temperature': {'temp': 77, 'unit': 'fahrenheit'}, 'clouds': '0%', 'humidity': '38%', 'wind': {'speed': '11.18 m/s', 'degree': 330}}",True,32572,,,False,True,"{'localteam_formation': '4-2-3-1', 'visitorteam_formation': '4-1-4-1'}","{'localteam_score': 2, 'visitorteam_score': 2, 'localteam_pen_score': None, 'visitorteam_pen_score': None, 'ht_score': '1-1', 'ft_score': '2-2', 'et_score': None, 'ps_score': None}","{'status': 'FT', 'starting_at': {'date_time': '2018-06-24 15:00:00', 'date': '2018-06-24', 'time': '15:00:00', 'timestamp': 1529852400, 'timezone': 'UTC'}, 'minute': 90, 'second': 9, 'added_time': 0, 'extra_minute': None, 'injury_time': None}","{'localteam_coach_id': 17187245, 'visitorteam_coach_id': 474395}","{'localteam_position': 1, 'visitorteam_position': 2}","{'first_assistant_id': 15290, 'second_assistant_id': 15291, 'fourth_official_id': 16445}",1/1,,False,False
8636033,732,892,1733,140842,192,,8869,15641,18699,18720,18720,,True,42873,,,False,True,"{'localteam_formation': '3-4-3', 'visitorteam_formation': '4-2-3-1'}","{'localteam_score': 0, 'visitorteam_score': 3, 'localteam_pen_score': None, 'visitorteam_pen_score': None, 'ht_score': '0-1', 'ft_score': '0-3', 'et_score': None, 'ps_score': None}","{'status': 'FT', 'starting_at': {'date_time': '2018-06-24 18:00:00', 'date': '2018-06-24', 'time': '18:00:00', 'timestamp': 1529863200, 'timezone': 'UTC'}, 'minute': 90, 'second': 8, 'added_time': 0, 'extra_minute': None, 'injury_time': None}","{'localteam_coach_id': 535594, 'visitorteam_coach_id': 474731}","{'localteam_position': 3, 'visitorteam_position': 4}","{'first_assistant_id': 12690, 'second_assistant_id': 13399, 'fourth_official_id': 11747}",1/1,,False,False
8636034,732,892,1733,140843,185,,219226,14013,15251,18702,15251,"{'code': 'clouds', 'type': 'scattered clouds', 'icon': 'https://cdn.sportmonks.com/images/weather/03d.png', 'temperature': {'temp': 89.6, 'unit': 'fahrenheit'}, 'clouds': '40%', 'humidity': '35%', 'wind': {'speed': '6.71 m/s', 'degree': 50}}",True,41970,,,False,True,"{'localteam_formation': '4-3-1-2', 'visitorteam_formation': '4-2-3-1'}","{'localteam_score': 3, 'visitorteam_score': 0, 'localteam_pen_score': None, 'visitorteam_pen_score': None, 'ht_score': '2-0', 'ft_score': '3-0', 'et_score': None, 'ps_score': None}","{'status': 'FT', 'starting_at': {'date_time': '2018-06-25 14:00:00', 'date': '2018-06-25', 'time': '14:00:00', 'timestamp': 1529935200, 'timezone': 'UTC'}, 'minute': 90, 'second': 38, 'added_time': 0, 'extra_minute': None, 'injury_time': None}","{'localteam_coach_id': 472158, 'visitorteam_coach_id': 896300}","{'localteam_position': 2, 'visitorteam_position': 1}","{'first_assistant_id': 14014, 'second_assistant_id': 14015, 'fourth_official_id': 30462}",1/1,,False,False
8636035,732,892,1733,140843,185,,186522,14905,18562,18546,18562,"{'code': 'clouds', 'type': 'broken clouds', 'icon': 'https://cdn.sportmonks.com/images/weather/04d.png', 'temperature': {'temp': 91.4, 'unit': 'fahrenheit'}, 'clouds': '75%', 'humidity': '31%', 'wind': {'speed': '4.47 m/s', 'degree': 330}}",True,36823,,,False,True,"{'localteam_formation': '4-1-4-1', 'visitorteam_formation': '4-2-3-1'}","{'localteam_score': 2, 'visitorteam_score': 1, 'localteam_pen_score': None, 'visitorteam_pen_score': None, 'ht_score': '1-1', 'ft_score': '2-1', 'et_score': None, 'ps_score': None}","{'status': 'FT', 'starting_at': {'date_time': '2018-06-25 14:00:00', 'date': '2018-06-25', 'time': '14:00:00', 'timestamp': 1529935200, 'timezone': 'UTC'}, 'minute': 90, 'second': 34, 'added_time': 0, 'extra_minute': None, 'injury_time': None}","{'localteam_coach_id': 896807, 'visitorteam_coach_id': 474336}","{'localteam_position': 4, 'visitorteam_position': 3}","{'first_assistant_id': 14647, 'second_assistant_id': 20142, 'fourth_official_id': 15883}",1/1,,False,False
8636036,732,892,1733,140843,186,,186515,16046,18652,18701,,"{'code': 'rain', 'type': 'light rain', 'icon': 'https://cdn.sportmonks.com/images/weather/10d.png', 'temperature': {'temp': 77.25, 'unit': 'fahrenheit'}, 'clouds': '80%', 'humidity': '68%', 'wind': {'speed': '3.94 m/s', 'degree': 213.006}}",True,41685,,,False,True,"{'localteam_formation': '4-1-4-1', 'visitorteam_formation': '4-4-2'}","{'localteam_score': 1, 'visitorteam_score': 1, 'localteam_pen_score': None, 'visitorteam_pen_score': None, 'ht_score': '0-1', 'ft_score': '1-1', 'et_score': None, 'ps_score': None}","{'status': 'FT', 'starting_at': {'date_time': '2018-06-25 18:00:00', 'date': '2018-06-25', 'time': '18:00:00', 'timestamp': 1529949600, 'timezone': 'UTC'}, 'minute': 90, 'second': None, 'added_time': None, 'extra_minute': None, 'injury_time': None}","{'localteam_coach_id': 474615, 'visitorteam_coach_id': 896314}","{'localteam_position': 3, 'visitorteam_position': 2}","{'first_assistant_id': 18523, 'second_assistant_id': 18524, 'fourth_official_id': 15782}",1/1,,False,False
8636037,732,892,1733,140843,186,,186514,17667,18710,18551,,"{'code': 'clouds', 'type': 'broken clouds', 'icon': 'https://cdn.sportmonks.com/images/weather/04d.png', 'temperature': {'temp': 59, 'unit': 'fahrenheit'}, 'clouds': '75%', 'humidity': '77%', 'wind': {'speed': '2.24 m/s', 'degree': None}}",True,33973,,,False,True,"{'localteam_formation': '4-3-3', 'visitorteam_formation': '4-1-4-1'}","{'localteam_score': 2, 'visitorteam_score': 2, 'localteam_pen_score': None, 'visitorteam_pen_score': None, 'ht_score': '1-1', 'ft_score': '2-2', 'et_score': None, 'ps_score': None}","{'status': 'FT', 'starting_at': {'date_time': '2018-06-25 18:00:00', 'date': '2018-06-25', 'time': '18:00:00', 'timestamp': 1529949600, 'timezone': 'UTC'}, 'minute': 90, 'second': None, 'added_time': None, 'extra_minute': None, 'injury_time': None}","{'localteam_coach_id': 523971, 'visitorteam_coach_id': 474402}","{'localteam_position': 1, 'visitorteam_position': 4}","{'first_assistant_id': 17668, 'second_assistant_id': 17669, 'fourth_official_id': 27445}",1/1,,False,False
8636038,732,892,1733,140843,187,,187154,13477,18583,18647,,"{'code': 'clear', 'type': 'clear sky', 'icon': 'https://cdn.sportmonks.com/images/weather/01d.png', 'temperature': {'temp': 77.9, 'unit': 'fahrenheit'}, 'clouds': '0%', 'humidity': '36%', 'wind': {'speed': '6.71 m/s', 'degree': 340}}",True,78011,,,False,True,"{'localteam_formation': '4-1-4-1', 'visitorteam_formation': '4-2-3-1'}","{'localteam_score': 0, 'visitorteam_score': 0, 'localteam_pen_score': None, 'visitorteam_pen_score': None, 'ht_score': '0-0', 'ft_score': '0-0', 'et_score': None, 'ps_score': None}","{'status': 'FT', 'starting_at': {'date_time': '2018-06-26 14:00:00', 'date': '2018-06-26', 'time': '14:00:00', 'timestamp': 1530021600, 'timezone': 'UTC'}, 'minute': 90, 'second': 7, 'added_time': 0, 'extra_minute': None, 'injury_time': None}","{'localteam_coach_id': 474444, 'visitorteam_coach_id': 474616}","{'localteam_position': 2, 'visitorteam_position': 1}","{'first_assistant_id': 13471, 'second_assistant_id': 12846, 'fourth_official_id': 15289}",1/1,,False,False
8636039,732,892,1733,140843,187,,20259,18725,18730,18775,18775,"{'code': 'clouds', 'type': 'few clouds', 'icon': 'https://cdn.sportmonks.com/images/weather/02d.png', 'temperature': {'temp': 80.6, 'unit': 'fahrenheit'}, 'clouds': '20%', 'humidity': '74%', 'wind': {'speed': '11.18 m/s', 'degree': 280}}",True,44073,,,False,True,"{'localteam_formation': '4-4-1-1', 'visitorteam_formation': '4-2-3-1'}","{'localteam_score': 0, 'visitorteam_score': 2, 'localteam_pen_score': None, 'visitorteam_pen_score': None, 'ht_score': '0-1', 'ft_score': '0-2', 'et_score': None, 'ps_score': None}","{'status': 'FT', 'starting_at': {'date_time': '2018-06-26 14:00:00', 'date': '2018-06-26', 'time': '14:00:00', 'timestamp': 1530021600, 'timezone': 'UTC'}, 'minute': 90, 'second': 5, 'added_time': 0, 'extra_minute': None, 'injury_time': None}","{'localteam_coach_id': 474437, 'visitorteam_coach_id': 474849}","{'localteam_position': 3, 'visitorteam_position': 4}","{'first_assistant_id': 12763, 'second_assistant_id': 12764, 'fourth_official_id': 23394}",1/1,,False,False
8636040,732,892,1733,140843,188,,187159,14516,18737,18644,18644,,True,64468,,,False,True,"{'localteam_formation': '3-5-2', 'visitorteam_formation': '4-4-2'}","{'localteam_score': 1, 'visitorteam_score': 2, 'localteam_pen_score': None, 'visitorteam_pen_score': None, 'ht_score': '0-1', 'ft_score': '1-2', 'et_score': None, 'ps_score': None}","{'status': 'FT', 'starting_at': {'date_time': '2018-06-26 18:00:00', 'date': '2018-06-26', 'time': '18:00:00', 'timestamp': 1530036000, 'timezone': 'UTC'}, 'minute': 90, 'second': 29, 'added_time': 0, 'extra_minute': None, 'injury_time': None}","{'localteam_coach_id': 474749, 'visitorteam_coach_id': 456014}","{'localteam_position': 2, 'visitorteam_position': 4}","{'first_assistant_id': 12806, 'second_assistant_id': 12882, 'fourth_official_id': 31500}",1/1,,False,False
8636041,732,892,1733,140843,188,,219227,14516,18635,18588,18588,"{'code': 'clouds', 'type': 'few clouds', 'icon': 'https://cdn.sportmonks.com/images/weather/02d.png', 'temperature': {'temp': 67.42, 'unit': 'fahrenheit'}, 'clouds': '24%', 'humidity': '58%', 'wind': {'speed': '7.74 m/s', 'degree': 34.5121}}",True,43472,,,False,True,"{'localteam_formation': '4-2-3-1', 'visitorteam_formation': '4-3-2-1'}","{'localteam_score': 1, 'visitorteam_score': 2, 'localteam_pen_score': None, 'visitorteam_pen_score': None, 'ht_score': '0-0', 'ft_score': '1-2', 'et_score': None, 'ps_score': None}","{'status': 'FT', 'starting_at': {'date_time': '2018-06-26 18:00:00', 'date': '2018-06-26', 'time': '18:00:00', 'timestamp': 1530036000, 'timezone': 'UTC'}, 'minute': 90, 'second': 10, 'added_time': 0, 'extra_minute': None, 'injury_time': None}","{'localteam_coach_id': 474555, 'visitorteam_coach_id': 896785}","{'localteam_position': 3, 'visitorteam_position': 1}","{'first_assistant_id': 12806, 'second_assistant_id': 12882, 'fourth_official_id': 15767}",1/1,,False,False
8636042,732,892,1733,140843,190,,275980,18783,18576,18564,18564,"{'code': 'clear', 'type': 'clear sky', 'icon': 'https://cdn.sportmonks.com/images/weather/01d.png', 'temperature': {'temp': 80.6, 'unit': 'fahrenheit'}, 'clouds': '0%', 'humidity': '47%', 'wind': {'speed': '8.95 m/s', 'degree': 50}}",True,33061,,,False,True,"{'localteam_formation': '4-2-3-1', 'visitorteam_formation': '4-4-2'}","{'localteam_score': 0, 'visitorteam_score': 3, 'localteam_pen_score': None, 'visitorteam_pen_score': None, 'ht_score': '0-0', 'ft_score': '0-3', 'et_score': None, 'ps_score': None}","{'status': 'FT', 'starting_at': {'date_time': '2018-06-27 14:00:00', 'date': '2018-06-27', 'time': '14:00:00', 'timestamp': 1530108000, 'timezone': 'UTC'}, 'minute': 90, 'second': None, 'added_time': None, 'extra_minute': None, 'injury_time': None}","{'localteam_coach_id': 896292, 'visitorteam_coach_id': 474427}","{'localteam_position': 1, 'visitorteam_position': 3}","{'first_assistant_id': 18423, 'second_assistant_id': 18342, 'fourth_official_id': 28655}",1/1,,False,False
8636043,732,892,1733,140843,190,,8869,25228,18567,18660,18567,,True,41835,,,False,True,"{'localteam_formation': '4-4-2', 'visitorteam_formation': '4-2-3-1'}","{'localteam_score': 2, 'visitorteam_score': 0, 'localteam_pen_score': None, 'visitorteam_pen_score': None, 'ht_score': '0-0', 'ft_score': '2-0', 'et_score': None, 'ps_score': None}","{'status': 'FT', 'starting_at': {'date_time': '2018-06-27 14:00:00', 'date': '2018-06-27', 'time': '14:00:00', 'timestamp': 1530108000, 'timezone': 'UTC'}, 'minute': 90, 'second': 24, 'added_time': 0, 'extra_minute': None, 'injury_time': None}","{'localteam_coach_id': 1552218, 'visitorteam_coach_id': 896295}","{'localteam_position': 4, 'visitorteam_position': 2}","{'first_assistant_id': 26865, 'second_assistant_id': 25229, 'fourth_official_id': 11747}",1/1,,False,False
8636044,732,892,1733,140843,189,,1609,23415,18873,18704,18704,"{'code': 'clear', 'type': 'clear sky', 'icon': 'https://cdn.sportmonks.com/images/weather/01n.png', 'temperature': {'temp': 69.27, 'unit': 'fahrenheit'}, 'clouds': '0%', 'humidity': '39%', 'wind': {'speed': '4.59 m/s', 'degree': 182.016}}",True,44190,,,False,True,"{'localteam_formation': '4-2-3-1', 'visitorteam_formation': '4-3-3'}","{'localteam_score': 0, 'visitorteam_score': 2, 'localteam_pen_score': None, 'visitorteam_pen_score': None, 'ht_score': '0-1', 'ft_score': '0-2', 'et_score': None, 'ps_score': None}","{'status': 'FT', 'starting_at': {'date_time': '2018-06-27 18:00:00', 'date': '2018-06-27', 'time': '18:00:00', 'timestamp': 1530122400, 'timezone': 'UTC'}, 'minute': 90, 'second': 5, 'added_time': 0, 'extra_minute': None, 'injury_time': None}","{'localteam_coach_id': 7714354, 'visitorteam_coach_id': 474720}","{'localteam_position': 3, 'visitorteam_position': 1}","{'first_assistant_id': 23416, 'second_assistant_id': 31517, 'fourth_official_id': 25224}",1/1,,False,False
8636045,732,892,1733,140843,189,,186516,16685,18708,18598,,,True,43319,,,False,True,"{'localteam_formation': '4-2-3-1', 'visitorteam_formation': '3-4-2-1'}","{'localteam_score': 2, 'visitorteam_score': 2, 'localteam_pen_score': None, 'visitorteam_pen_score': None, 'ht_score': '1-0', 'ft_score': '2-2', 'et_score': None, 'ps_score': None}","{'status': 'FT', 'starting_at': {'date_time': '2018-06-27 18:00:00', 'date': '2018-06-27', 'time': '18:00:00', 'timestamp': 1530122400, 'timezone': 'UTC'}, 'minute': 90, 'second': 11, 'added_time': 0, 'extra_minute': None, 'injury_time': None}","{'localteam_coach_id': 474706, 'visitorteam_coach_id': 1452826}","{'localteam_position': 2, 'visitorteam_position': 4}","{'first_assistant_id': 12856, 'second_assistant_id': 12852, 'fourth_official_id': 31508}",1/1,,False,False
8636046,732,892,1733,140843,192,,186522,24137,18597,18699,18699,"{'code': 'clear', 'type': 'clear sky', 'icon': 'https://cdn.sportmonks.com/images/weather/01d.png', 'temperature': {'temp': 96.8, 'unit': 'fahrenheit'}, 'clouds': '0%', 'humidity': '25%', 'wind': {'speed': '13.42 m/s', 'degree': 100}}",True,42189,,,False,True,"{'localteam_formation': '4-4-2', 'visitorteam_formation': '4-2-3-1'}","{'localteam_score': 0, 'visitorteam_score': 1, 'localteam_pen_score': None, 'visitorteam_pen_score': None, 'ht_score': '0-0', 'ft_score': '0-1', 'et_score': None, 'ps_score': None}","{'status': 'FT', 'starting_at': {'date_time': '2018-06-28 14:00:00', 'date': '2018-06-28', 'time': '14:00:00', 'timestamp': 1530194400, 'timezone': 'UTC'}, 'minute': 90, 'second': 11, 'added_time': 0, 'extra_minute': None, 'injury_time': None}","{'localteam_coach_id': 17187245, 'visitorteam_coach_id': 535594}","{'localteam_position': 1, 'visitorteam_position': 4}","{'first_assistant_id': 21306, 'second_assistant_id': 18556, 'fourth_official_id': 15883}",1/1,,False,False
8636047,732,892,1733,140843,192,,219226,16781,18558,18720,18720,"{'code': 'clear', 'type': 'clear sky', 'icon': 'https://cdn.sportmonks.com/images/weather/01d.png', 'temperature': {'temp': 82.4, 'unit': 'fahrenheit'}, 'clouds': '0%', 'humidity': '30%', 'wind': {'speed': '17.9 m/s', 'degree': 340}}",True,41970,,,False,True,"{'localteam_formation': '4-4-2', 'visitorteam_formation': '4-2-3-1'}","{'localteam_score': 0, 'visitorteam_score': 1, 'localteam_pen_score': None, 'visitorteam_pen_score': None, 'ht_score': '0-0', 'ft_score': '0-1', 'et_score': None, 'ps_score': None}","{'status': 'FT', 'starting_at': {'date_time': '2018-06-28 14:00:00', 'date': '2018-06-28', 'time': '14:00:00', 'timestamp': 1530194400, 'timezone': 'UTC'}, 'minute': 90, 'second': 9, 'added_time': 0, 'extra_minute': None, 'injury_time': None}","{'localteam_coach_id': 474395, 'visitorteam_coach_id': 474731}","{'localteam_position': 2, 'visitorteam_position': 3}","{'first_assistant_id': 16782, 'second_assistant_id': 16783, 'fourth_official_id': 30462}",1/1,,False,False
8636048,732,892,1733,140843,191,,186515,31517,18717,18554,18554,"{'code': 'clear', 'type': 'clear sky', 'icon': 'https://cdn.sportmonks.com/images/weather/01d.png', 'temperature': {'temp': 68.39, 'unit': 'fahrenheit'}, 'clouds': '0%', 'humidity': '47%', 'wind': {'speed': '5.88 m/s', 'degree': 357.005}}",True,37168,,,False,True,"{'localteam_formation': '4-1-4-1', 'visitorteam_formation': '4-1-4-1'}","{'localteam_score': 1, 'visitorteam_score': 2, 'localteam_pen_score': None, 'visitorteam_pen_score': None, 'ht_score': '1-0', 'ft_score': '1-2', 'et_score': None, 'ps_score': None}","{'status': 'FT', 'starting_at': {'date_time': '2018-06-28 18:00:00', 'date': '2018-06-28', 'time': '18:00:00', 'timestamp': 1530208800, 'timezone': 'UTC'}, 'minute': 90, 'second': 34, 'added_time': 0, 'extra_minute': None, 'injury_time': None}","{'localteam_coach_id': 1452825, 'visitorteam_coach_id': 1565666}","{'localteam_position': 4, 'visitorteam_position': 3}","{'first_assistant_id': 31518, 'second_assistant_id': 23434, 'fourth_official_id': 15782}",1/1,,False,False
8636049,732,892,1733,140843,191,,186514,16679,18645,18743,18743,"{'code': 'clear', 'type': 'clear sky', 'icon': 'https://cdn.sportmonks.com/images/weather/01d.png', 'temperature': {'temp': 69.65, 'unit': 'fahrenheit'}, 'clouds': '0%', 'humidity': '65%', 'wind': {'speed': '10.92 m/s', 'degree': 0.504852}}",True,33973,,,False,True,"{'localteam_formation': '3-1-4-2', 'visitorteam_formation': '3-4-2-1'}","{'localteam_score': 0, 'visitorteam_score': 1, 'localteam_pen_score': None, 'visitorteam_pen_score': None, 'ht_score': '0-0', 'ft_score': '0-1', 'et_score': None, 'ps_score': None}","{'status': 'FT', 'starting_at': {'date_time': '2018-06-28 18:00:00', 'date': '2018-06-28', 'time': '18:00:00', 'timestamp': 1530208800, 'timezone': 'UTC'}, 'minute': 90, 'second': 5, 'added_time': 0, 'extra_minute': None, 'injury_time': None}","{'localteam_coach_id': 474589, 'visitorteam_coach_id': 474796}","{'localteam_position': 1, 'visitorteam_position': 2}","{'first_assistant_id': 16680, 'second_assistant_id': 16681, 'fourth_official_id': 27445}",1/1,,False,False
10340514,732,892,1727,,,,20259,140,15251,18701,15251,"{'code': 'clouds', 'type': 'few clouds', 'icon': 'https://cdn.sportmonks.com/images/weather/02d.png', 'temperature': {'temp': 80.6, 'unit': 'fahrenheit'}, 'clouds': '20%', 'humidity': '74%', 'wind': {'speed': '11.18 m/s', 'degree': 290}}",True,44287,,,False,True,"{'localteam_formation': '4-3-1-2', 'visitorteam_formation': '4-4-2'}","{'localteam_score': 2, 'visitorteam_score': 1, 'localteam_pen_score': None, 'visitorteam_pen_score': None, 'ht_score': '1-0', 'ft_score': '2-1', 'et_score': None, 'ps_score': None}","{'status': 'FT', 'starting_at': {'date_time': '2018-06-30 18:00:00', 'date': '2018-06-30', 'time': '18:00:00', 'timestamp': 1530381600, 'timezone': 'UTC'}, 'minute': 90, 'second': 55, 'added_time': 0, 'extra_minute': None, 'injury_time': None}","{'localteam_coach_id': 472158, 'visitorteam_coach_id': 896314}","{'localteam_position': 1, 'visitorteam_position': 2}","{'first_assistant_id': 12690, 'second_assistant_id': None, 'fourth_official_id': 25224}",1/1,,False,False
10340515,732,892,1727,,,,187154,28,18710,18702,18702,"{'code': 'clear', 'type': 'clear sky', 'icon': 'https://cdn.sportmonks.com/images/weather/01d.png', 'temperature': {'temp': 98.5, 'unit': 'fahrenheit'}, 'clouds': '0%', 'humidity': '13%', 'wind': {'speed': '6.17 m/s', 'degree': 263.001}}",True,78011,,,False,True,"{'localteam_formation': '4-2-3-1', 'visitorteam_formation': '3-4-2-1'}","{'localteam_score': 1, 'visitorteam_score': 1, 'localteam_pen_score': 3, 'visitorteam_pen_score': 4, 'ht_score': '1-1', 'ft_score': '1-1', 'et_score': '0-0', 'ps_score': '3-4'}","{'status': 'FT_PEN', 'starting_at': {'date_time': '2018-07-01 14:00:00', 'date': '2018-07-01', 'time': '14:00:00', 'timestamp': 1530453600, 'timezone': 'UTC'}, 'minute': 90, 'second': 0, 'added_time': 0, 'extra_minute': 30, 'injury_time': None}","{'localteam_coach_id': 523971, 'visitorteam_coach_id': 896300}","{'localteam_position': 1, 'visitorteam_position': 2}","{'first_assistant_id': 12732, 'second_assistant_id': 12734, 'fourth_official_id': 16685}",1/1,,False,False
10340557,732,892,1727,,,,8869,4947,18647,18644,18647,,True,42873,,,False,True,"{'localteam_formation': '4-2-3-1', 'visitorteam_formation': '4-3-3'}","{'localteam_score': 4, 'visitorteam_score': 3, 'localteam_pen_score': None, 'visitorteam_pen_score': None, 'ht_score': '1-1', 'ft_score': '4-3', 'et_score': None, 'ps_score': None}","{'status': 'FT', 'starting_at': {'date_time': '2018-06-30 14:00:00', 'date': '2018-06-30', 'time': '14:00:00', 'timestamp': 1530367200, 'timezone': 'UTC'}, 'minute': 90, 'second': 0, 'added_time': 0, 'extra_minute': None, 'injury_time': None}","{'localteam_coach_id': 474616, 'visitorteam_coach_id': 456014}","{'localteam_position': 1, 'visitorteam_position': 2}","{'first_assistant_id': 23416, 'second_assistant_id': 23417, 'fourth_official_id': 11747}",1/1,,False,False
10340558,732,892,1727,,,,186516,267,18588,18583,18588,"{'code': 'clear', 'type': 'clear sky', 'icon': 'https://cdn.sportmonks.com/images/weather/01d.png', 'temperature': {'temp': 82.4, 'unit': 'fahrenheit'}, 'clouds': '0%', 'humidity': '48%', 'wind': {'speed': '8.95 m/s', 'degree': 120}}",True,40851,,,False,True,"{'localteam_formation': '4-1-4-1', 'visitorteam_formation': '4-4-1-1'}","{'localteam_score': 1, 'visitorteam_score': 1, 'localteam_pen_score': 3, 'visitorteam_pen_score': 2, 'ht_score': '1-1', 'ft_score': '1-1', 'et_score': '0-0', 'ps_score': '3-2'}","{'status': 'FT_PEN', 'starting_at': {'date_time': '2018-07-01 18:00:00', 'date': '2018-07-01', 'time': '18:00:00', 'timestamp': 1530468000, 'timezone': 'UTC'}, 'minute': 90, 'second': 0, 'added_time': 0, 'extra_minute': 30, 'injury_time': None}","{'localteam_coach_id': 896785, 'visitorteam_coach_id': 474444}","{'localteam_position': 1, 'visitorteam_position': 2}","{'first_assistant_id': 18423, 'second_assistant_id': 18342, 'fourth_official_id': 16046}",1/1,,False,False
10341126,732,892,1727,,,,219226,15289,18704,18576,18704,"{'code': 'clouds', 'type': 'few clouds', 'icon': 'https://cdn.sportmonks.com/images/weather/02d.png', 'temperature': {'temp': 93.2, 'unit': 'fahrenheit'}, 'clouds': '20%', 'humidity': '26%', 'wind': {'speed': '11.18 m/s', 'degree': 140}}",True,41790,,,False,True,"{'localteam_formation': '4-4-2', 'visitorteam_formation': '4-3-3'}","{'localteam_score': 2, 'visitorteam_score': 0, 'localteam_pen_score': None, 'visitorteam_pen_score': None, 'ht_score': '0-0', 'ft_score': '2-0', 'et_score': None, 'ps_score': None}","{'status': 'FT', 'starting_at': {'date_time': '2018-07-02 14:00:00', 'date': '2018-07-02', 'time': '14:00:00', 'timestamp': 1530540000, 'timezone': 'UTC'}, 'minute': 90, 'second': 6, 'added_time': 0, 'extra_minute': None, 'injury_time': None}","{'localteam_coach_id': 474720, 'visitorteam_coach_id': 896292}","{'localteam_position': 1, 'visitorteam_position': 2}","{'first_assistant_id': 15290, 'second_assistant_id': 15291, 'fourth_official_id': 11710}",1/1,,False,False
10341127,732,892,1727,,,,187159,16679,18564,18708,18564,,True,64042,,,False,True,"{'localteam_formation': '4-4-2', 'visitorteam_formation': '4-2-3-1'}","{'localteam_score': 1, 'visitorteam_score': 0, 'localteam_pen_score': None, 'visitorteam_pen_score': None, 'ht_score': '0-0', 'ft_score': '1-0', 'et_score': None, 'ps_score': None}","{'status': 'FT', 'starting_at': {'date_time': '2018-07-03 14:00:00', 'date': '2018-07-03', 'time': '14:00:00', 'timestamp': 1530626400, 'timezone': 'UTC'}, 'minute': 90, 'second': 16, 'added_time': 0, 'extra_minute': None, 'injury_time': None}","{'localteam_coach_id': 474427, 'visitorteam_coach_id': 474706}","{'localteam_position': 1, 'visitorteam_position': 2}","{'first_assistant_id': 16680, 'second_assistant_id': 16681, 'fourth_official_id': 31517}",1/1,,False,False
10341161,732,892,1727,,,,219227,14013,18743,18597,18743,"{'code': 'clouds', 'type': 'scattered clouds', 'icon': 'https://cdn.sportmonks.com/images/weather/03d.png', 'temperature': {'temp': 57.48, 'unit': 'fahrenheit'}, 'clouds': '48%', 'humidity': '70%', 'wind': {'speed': '13.33 m/s', 'degree': 213.002}}",True,41466,,,False,True,"{'localteam_formation': '3-4-2-1', 'visitorteam_formation': '4-2-3-1'}","{'localteam_score': 3, 'visitorteam_score': 2, 'localteam_pen_score': None, 'visitorteam_pen_score': None, 'ht_score': '0-0', 'ft_score': '3-2', 'et_score': None, 'ps_score': None}","{'status': 'FT', 'starting_at': {'date_time': '2018-07-02 18:00:00', 'date': '2018-07-02', 'time': '18:00:00', 'timestamp': 1530554400, 'timezone': 'UTC'}, 'minute': 90, 'second': 4, 'added_time': 0, 'extra_minute': None, 'injury_time': None}","{'localteam_coach_id': 474796, 'visitorteam_coach_id': 17187245}","{'localteam_position': 1, 'visitorteam_position': 2}","{'first_assistant_id': 14014, 'second_assistant_id': 14015, 'fourth_official_id': 13616}",1/1,,False,False
10341162,732,892,1727,,,,1609,25228,18720,18645,18645,"{'code': 'clouds', 'type': 'scattered clouds', 'icon': 'https://cdn.sportmonks.com/images/weather/03n.png', 'temperature': {'temp': 72.27, 'unit': 'fahrenheit'}, 'clouds': '32%', 'humidity': '41%', 'wind': {'speed': '4.43 m/s', 'degree': 168.501}}",True,44190,,,False,True,"{'localteam_formation': '4-3-1-2', 'visitorteam_formation': '3-1-4-2'}","{'localteam_score': 1, 'visitorteam_score': 1, 'localteam_pen_score': 3, 'visitorteam_pen_score': 4, 'ht_score': '0-0', 'ft_score': '1-1', 'et_score': '0-0', 'ps_score': '3-4'}","{'status': 'FT_PEN', 'starting_at': {'date_time': '2018-07-03 18:00:00', 'date': '2018-07-03', 'time': '18:00:00', 'timestamp': 1530640800, 'timezone': 'UTC'}, 'minute': 90, 'second': 0, 'added_time': 0, 'extra_minute': 30, 'injury_time': None}","{'localteam_coach_id': 474731, 'visitorteam_coach_id': 474589}","{'localteam_position': 1, 'visitorteam_position': 2}","{'first_assistant_id': 26865, 'second_assistant_id': 25229, 'fourth_official_id': 14622}",1/1,,False,False
10342083,732,892,1728,,,,186516,18783,15251,18647,18647,"{'code': 'clouds', 'type': 'broken clouds', 'icon': 'https://cdn.sportmonks.com/images/weather/04d.png', 'temperature': {'temp': 69.8, 'unit': 'fahrenheit'}, 'clouds': '75%', 'humidity': '60%', 'wind': {'speed': '8.95 m/s', 'degree': 310}}",True,43319,,,False,True,"{'localteam_formation': '4-3-1-2', 'visitorteam_formation': '4-2-3-1'}","{'localteam_score': 0, 'visitorteam_score': 2, 'localteam_pen_score': None, 'visitorteam_pen_score': None, 'ht_score': '0-1', 'ft_score': '0-2', 'et_score': None, 'ps_score': None}","{'status': 'FT', 'starting_at': {'date_time': '2018-07-06 14:00:00', 'date': '2018-07-06', 'time': '14:00:00', 'timestamp': 1530885600, 'timezone': 'UTC'}, 'minute': 90, 'second': 49, 'added_time': 0, 'extra_minute': None, 'injury_time': None}","{'localteam_coach_id': 472158, 'visitorteam_coach_id': 474616}","{'localteam_position': 1, 'visitorteam_position': 1}","{'first_assistant_id': 18423, 'second_assistant_id': 18342, 'fourth_official_id': 23415}",1/1,,False,False
10344295,732,892,1728,,,,20259,13477,18702,18588,18588,"{'code': 'clouds', 'type': 'few clouds', 'icon': 'https://cdn.sportmonks.com/images/weather/02d.png', 'temperature': {'temp': 77, 'unit': 'fahrenheit'}, 'clouds': '20%', 'humidity': '69%', 'wind': {'speed': '6.71 m/s', 'degree': 310}}",True,78011,,,False,True,"{'localteam_formation': '4-4-2', 'visitorteam_formation': '4-1-4-1'}","{'localteam_score': 2, 'visitorteam_score': 2, 'localteam_pen_score': 3, 'visitorteam_pen_score': 4, 'ht_score': '1-1', 'ft_score': '1-1', 'et_score': '1-1', 'ps_score': '3-4'}","{'status': 'FT_PEN', 'starting_at': {'date_time': '2018-07-07 18:00:00', 'date': '2018-07-07', 'time': '18:00:00', 'timestamp': 1530986400, 'timezone': 'UTC'}, 'minute': 90, 'second': 0, 'added_time': 0, 'extra_minute': 30, 'injury_time': None}","{'localteam_coach_id': 896300, 'visitorteam_coach_id': 896785}","{'localteam_position': 2, 'visitorteam_position': 1}","{'first_assistant_id': 13471, 'second_assistant_id': 12846, 'fourth_official_id': 24137}",1/1,,False,False
10344350,732,892,1728,,,,8869,16781,18704,18743,18743,,True,42873,,,False,True,"{'localteam_formation': '4-3-3', 'visitorteam_formation': '4-3-3'}","{'localteam_score': 1, 'visitorteam_score': 2, 'localteam_pen_score': None, 'visitorteam_pen_score': None, 'ht_score': '0-2', 'ft_score': '1-2', 'et_score': None, 'ps_score': None}","{'status': 'FT', 'starting_at': {'date_time': '2018-07-06 18:00:00', 'date': '2018-07-06', 'time': '18:00:00', 'timestamp': 1530900000, 'timezone': 'UTC'}, 'minute': 90, 'second': 6, 'added_time': 0, 'extra_minute': None, 'injury_time': None}","{'localteam_coach_id': 474720, 'visitorteam_coach_id': 474796}","{'localteam_position': 1, 'visitorteam_position': 1}","{'first_assistant_id': 16782, 'second_assistant_id': 16783, 'fourth_official_id': 25224}",1/1,,False,False
10346329,732,892,1728,,,,219226,15767,18564,18645,18645,"{'code': 'clouds', 'type': 'few clouds', 'icon': 'https://cdn.sportmonks.com/images/weather/02d.png', 'temperature': {'temp': 80.6, 'unit': 'fahrenheit'}, 'clouds': '20%', 'humidity': '39%', 'wind': {'speed': '8.95 m/s', 'degree': 170}}",True,39991,,,False,True,"{'localteam_formation': '4-4-2', 'visitorteam_formation': '3-1-4-2'}","{'localteam_score': 0, 'visitorteam_score': 2, 'localteam_pen_score': None, 'visitorteam_pen_score': None, 'ht_score': '0-1', 'ft_score': '0-2', 'et_score': None, 'ps_score': None}","{'status': 'FT', 'starting_at': {'date_time': '2018-07-07 14:00:00', 'date': '2018-07-07', 'time': '14:00:00', 'timestamp': 1530972000, 'timezone': 'UTC'}, 'minute': 90, 'second': 1, 'added_time': 0, 'extra_minute': None, 'injury_time': None}","{'localteam_coach_id': 474427, 'visitorteam_coach_id': 474589}","{'localteam_position': 1, 'visitorteam_position': 2}","{'first_assistant_id': 12732, 'second_assistant_id': 12734, 'fourth_official_id': 11710}",1/1,,False,False
10350230,732,892,1729,,,,187159,28655,18647,18743,18647,,True,64286,,,False,True,"{'localteam_formation': '4-2-3-1', 'visitorteam_formation': '4-2-3-1'}","{'localteam_score': 1, 'visitorteam_score': 0, 'localteam_pen_score': None, 'visitorteam_pen_score': None, 'ht_score': '0-0', 'ft_score': '1-0', 'et_score': None, 'ps_score': None}","{'status': 'FT', 'starting_at': {'date_time': '2018-07-10 18:00:00', 'date': '2018-07-10', 'time': '18:00:00', 'timestamp': 1531245600, 'timezone': 'UTC'}, 'minute': 90, 'second': 18, 'added_time': 0, 'extra_minute': None, 'injury_time': None}","{'localteam_coach_id': 474616, 'visitorteam_coach_id': 474796}","{'localteam_position': 1, 'visitorteam_position': 1}","{'first_assistant_id': 22331, 'second_assistant_id': 22330, 'fourth_official_id': 15641}",1/1,,False,False
10351626,732,892,1729,,,,187154,14516,18588,18645,18588,"{'code': 'clouds', 'type': 'few clouds', 'icon': 'https://cdn.sportmonks.com/images/weather/02n.png', 'temperature': {'temp': 78.01, 'unit': 'fahrenheit'}, 'clouds': '20%', 'humidity': '42%', 'wind': {'speed': '3.94 m/s', 'degree': 146.5}}",True,78011,,,False,True,"{'localteam_formation': '4-1-4-1', 'visitorteam_formation': '3-1-4-2'}","{'localteam_score': 2, 'visitorteam_score': 1, 'localteam_pen_score': None, 'visitorteam_pen_score': None, 'ht_score': '0-1', 'ft_score': '1-1', 'et_score': '1-0', 'ps_score': None}","{'status': 'AET', 'starting_at': {'date_time': '2018-07-11 18:00:00', 'date': '2018-07-11', 'time': '18:00:00', 'timestamp': 1531332000, 'timezone': 'UTC'}, 'minute': 90, 'second': 24, 'added_time': 0, 'extra_minute': 30, 'injury_time': None}","{'localteam_coach_id': 896785, 'visitorteam_coach_id': 474589}","{'localteam_position': 1, 'visitorteam_position': 2}","{'first_assistant_id': 12806, 'second_assistant_id': 12882, 'fourth_official_id': 15767}",1/1,,False,False
10359019,732,892,1730,,,,187159,23415,18743,18645,18743,,True,64406,,,False,True,"{'localteam_formation': '3-4-2-1', 'visitorteam_formation': '3-1-4-2'}","{'localteam_score': 2, 'visitorteam_score': 0, 'localteam_pen_score': None, 'visitorteam_pen_score': None, 'ht_score': '1-0', 'ft_score': '2-0', 'et_score': None, 'ps_score': None}","{'status': 'FT', 'starting_at': {'date_time': '2018-07-14 14:00:00', 'date': '2018-07-14', 'time': '14:00:00', 'timestamp': 1531576800, 'timezone': 'UTC'}, 'minute': 90, 'second': 10, 'added_time': 0, 'extra_minute': None, 'injury_time': None}","{'localteam_coach_id': 474796, 'visitorteam_coach_id': 474589}","{'localteam_position': 1, 'visitorteam_position': 2}","{'first_assistant_id': 23416, 'second_assistant_id': 23417, 'fourth_official_id': 14013}",1/1,,False,False
10359020,732,892,1731,,,,187154,18783,18647,18588,18647,"{'code': 'clear', 'type': 'clear sky', 'icon': 'https://cdn.sportmonks.com/images/weather/01d.png', 'temperature': {'temp': 90.07, 'unit': 'fahrenheit'}, 'clouds': '0%', 'humidity': '24%', 'wind': {'speed': '4.72 m/s', 'degree': 228.501}}",True,78011,,,False,True,"{'localteam_formation': '4-4-2', 'visitorteam_formation': '4-1-4-1'}","{'localteam_score': 4, 'visitorteam_score': 2, 'localteam_pen_score': None, 'visitorteam_pen_score': None, 'ht_score': '2-1', 'ft_score': '4-2', 'et_score': None, 'ps_score': None}","{'status': 'FT', 'starting_at': {'date_time': '2018-07-15 15:00:00', 'date': '2018-07-15', 'time': '15:00:00', 'timestamp': 1531666800, 'timezone': 'UTC'}, 'minute': 90, 'second': 5, 'added_time': 0, 'extra_minute': None, 'injury_time': None}","{'localteam_coach_id': 474616, 'visitorteam_coach_id': 896785}","{'localteam_position': 1, 'visitorteam_position': 1}","{'first_assistant_id': 18423, 'second_assistant_id': 18342, 'fourth_official_id': 15767}",1/1,,False,False
