position,season_id,player_id,team_id,stage_id,goals,penalty_goals,type,player
1,892,96088,15251,1727,2,0,goals,"{'data': {'player_id': 96088, 'team_id': 214, 'country_id': 158, 'position_id': 4, 'common_name': 'E. Cavani', 'display_name': 'Edinson Cavani', 'fullname': 'Edinson Roberto Cavani Gómez', 'firstname': 'Edinson Roberto', 'lastname': 'Cavani Gómez', 'nationality': 'Uruguay', 'birthdate': '14/02/1987', 'birthcountry': 'Uruguay', 'birthplace': 'Salto', 'height': '184 cm', 'weight': '71 kg', 'image_path': 'https://cdn.sportmonks.com/images/soccer/players/24/96088.png', 'team': {'data': {'id': 214, 'legacy_id': 287, 'name': 'Valencia', 'short_code': 'VAL', 'twitter': '@valenciacf', 'country_id': 32, 'national_team': False, 'founded': 1919, 'logo_path': 'https://cdn.sportmonks.com/images/soccer/teams/22/214.png', 'venue_id': 9240, 'current_season_id': 19799, 'is_placeholder': False}}}}"
1,892,922,18645,1728,1,0,goals,"{'data': {'player_id': 922, 'team_id': 554, 'country_id': 462, 'position_id': 3, 'common_name': 'B. Alli', 'display_name': 'Dele Alli', 'fullname': 'Bamidele Alli', 'firstname': 'Bamidele', 'lastname': 'Alli', 'nationality': 'England', 'birthdate': '11/04/1996', 'birthcountry': 'England', 'birthplace': 'Milton Keynes', 'height': '188 cm', 'weight': '76 kg', 'image_path': 'https://cdn.sportmonks.com/images/soccer/players/26/922.png', 'team': {'data': {'id': 554, 'legacy_id': 147, 'name': 'Beşiktaş', 'short_code': 'BES', 'twitter': '@Besiktas', 'country_id': 404, 'national_team': False, 'founded': 1903, 'logo_path': 'https://cdn.sportmonks.com/images/soccer/teams/10/554.png', 'venue_id': 340175, 'current_season_id': 19900, 'is_placeholder': False}}}}"
1,892,30965,18588,1729,1,0,goals,"{'data': {'player_id': 30965, 'team_id': None, 'country_id': 266, 'position_id': 4, 'common_name': 'M. Mandžukić', 'display_name': 'Mario Mandžukić', 'fullname': 'Mario Mandžukić', 'firstname': 'Mario', 'lastname': 'Mandžukić', 'nationality': 'Croatia', 'birthdate': '21/05/1986', 'birthcountry': 'Croatia', 'birthplace': 'Slavonski Brod', 'height': '190 cm', 'weight': '85 kg', 'image_path': 'https://cdn.sportmonks.com/images/soccer/players/21/30965.png'}}"
1,892,1331,18743,1730,1,0,goals,"{'data': {'player_id': 1331, 'team_id': 3468, 'country_id': 556, 'position_id': 4, 'common_name': 'E. Hazard', 'display_name': 'Eden Hazard', 'fullname': 'Eden Hazard', 'firstname': 'Eden', 'lastname': 'Hazard', 'nationality': 'Belgium', 'birthdate': '07/01/1991', 'birthcountry': 'Belgium', 'birthplace': 'La Louvière', 'height': '173 cm', 'weight': '76 kg', 'image_path': 'https://cdn.sportmonks.com/images/soccer/players/19/1331.png', 'team': {'data': {'id': 3468, 'legacy_id': 117, 'name': 'Real Madrid', 'short_code': 'RMA', 'twitter': '@realmadrid', 'country_id': 32, 'national_team': False, 'founded': 1902, 'logo_path': 'https://cdn.sportmonks.com/images/soccer/teams/12/3468.png', 'venue_id': 2020, 'current_season_id': 19799, 'is_placeholder': False}}}}"
1,892,185658,18647,1731,1,1,goals,"{'data': {'player_id': 185658, 'team_id': 7980, 'country_id': 17, 'position_id': 4, 'common_name': 'A. Griezmann', 'display_name': 'Antoine Griezmann', 'fullname': 'Antoine Griezmann', 'firstname': 'Antoine', 'lastname': 'Griezmann', 'nationality': 'France', 'birthdate': '21/03/1991', 'birthcountry': 'France', 'birthplace': 'Mâcon', 'height': '176 cm', 'weight': '73 kg', 'image_path': 'https://cdn.sportmonks.com/images/soccer/players/26/185658.png', 'team': {'data': {'id': 7980, 'legacy_id': 113, 'name': 'Atlético Madrid', 'short_code': 'ATM', 'twitter': '@Atleti', 'country_id': 32, 'national_team': False, 'founded': 1903, 'logo_path': 'https://cdn.sportmonks.com/images/soccer/teams/12/7980.png', 'venue_id': 140808, 'current_season_id': 19799, 'is_placeholder': False}}}}"
1,892,997,18645,1733,5,2,goals,"{'data': {'player_id': 997, 'team_id': 6, 'country_id': 462, 'position_id': 4, 'common_name': 'H. Kane', 'display_name': 'Harry Kane', 'fullname': 'Harry Kane', 'firstname': 'Harry', 'lastname': 'Kane', 'nationality': 'England', 'birthdate': '28/07/1993', 'birthcountry': 'England', 'birthplace': 'London', 'height': '188 cm', 'weight': '86 kg', 'image_path': 'https://cdn.sportmonks.com/images/soccer/players/5/997.png', 'team': {'data': {'id': 6, 'legacy_id': 148, 'name': 'Tottenham Hotspur', 'short_code': 'TOT', 'twitter': '@SpursOfficial', 'country_id': 462, 'national_team': False, 'founded': 1882, 'logo_path': 'https://cdn.sportmonks.com/images/soccer/teams/6/6.png', 'venue_id': 281313, 'current_season_id': 19734, 'is_placeholder': False}}}}"
2,892,96611,18647,1727,2,0,goals,"{'data': {'player_id': 96611, 'team_id': 591, 'country_id': 17, 'position_id': 4, 'common_name': 'K. Mbappé Lottin', 'display_name': 'Kylian Mbappé', 'fullname': 'Kylian Mbappé Lottin', 'firstname': 'Kylian', 'lastname': 'Mbappé Lottin', 'nationality': 'France', 'birthdate': '20/12/1998', 'birthcountry': 'France', 'birthplace': 'Paris', 'height': '178 cm', 'weight': '73 kg', 'image_path': 'https://cdn.sportmonks.com/images/soccer/players/3/96611.png', 'team': {'data': {'id': 591, 'legacy_id': 131, 'name': 'Paris Saint Germain', 'short_code': 'PSG', 'twitter': '@PSG_inside', 'country_id': 17, 'national_team': False, 'founded': 1970, 'logo_path': 'https://cdn.sportmonks.com/images/soccer/teams/15/591.png', 'venue_id': 131, 'current_season_id': 19745, 'is_placeholder': False}}}}"
2,892,186479,18702,1728,1,0,goals,"{'data': {'player_id': 186479, 'team_id': 267, 'country_id': 227, 'position_id': 3, 'common_name': 'D. Cheryshev', 'display_name': 'Denis Cheryshev', 'fullname': 'Denis Cheryshev', 'firstname': 'Denis', 'lastname': 'Cheryshev', 'nationality': 'Russia', 'birthdate': '26/12/1990', 'birthcountry': 'Russia', 'birthplace': 'Nizhny Novgorod', 'height': '179 cm', 'weight': '74 kg', 'image_path': 'https://cdn.sportmonks.com/images/soccer/players/15/186479.png', 'team': {'data': {'id': 267, 'legacy_id': 2569, 'name': 'Venezia', 'short_code': 'VEN', 'twitter': '@VeneziaFC_IT', 'country_id': 251, 'national_team': False, 'founded': 1907, 'logo_path': 'https://cdn.sportmonks.com/images/soccer/teams/11/267.png', 'venue_id': 19196, 'current_season_id': 20080, 'is_placeholder': False}}}}"
2,892,31002,18588,1729,1,0,goals,"{'data': {'player_id': 31002, 'team_id': 6, 'country_id': 266, 'position_id': 3, 'common_name': 'I. Perišić', 'display_name': 'Ivan Perišić', 'fullname': 'Ivan Perišić', 'firstname': 'Ivan', 'lastname': 'Perišić', 'nationality': 'Croatia', 'birthdate': '02/02/1989', 'birthcountry': 'Croatia', 'birthplace': 'Split', 'height': '187 cm', 'weight': '80 kg', 'image_path': 'https://cdn.sportmonks.com/images/soccer/players/26/31002.png', 'team': {'data': {'id': 6, 'legacy_id': 148, 'name': 'Tottenham Hotspur', 'short_code': 'TOT', 'twitter': '@SpursOfficial', 'country_id': 462, 'national_team': False, 'founded': 1882, 'logo_path': 'https://cdn.sportmonks.com/images/soccer/teams/6/6.png', 'venue_id': 281313, 'current_season_id': 19734, 'is_placeholder': False}}}}"
2,892,61517,18743,1730,1,0,goals,"{'data': {'player_id': 61517, 'team_id': 68, 'country_id': 556, 'position_id': 2, 'common_name': 'T. Meunier', 'display_name': 'Thomas Meunier', 'fullname': 'Thomas Meunier', 'firstname': 'Thomas', 'lastname': 'Meunier', 'nationality': 'Belgium', 'birthdate': '12/09/1991', 'birthcountry': 'Belgium', 'birthplace': 'Sainte-Ode', 'height': '190 cm', 'weight': '82 kg', 'image_path': 'https://cdn.sportmonks.com/images/soccer/players/13/61517.png', 'team': {'data': {'id': 68, 'legacy_id': 53, 'name': 'Borussia Dortmund', 'short_code': 'BVB', 'twitter': '@BVB', 'country_id': 11, 'national_team': False, 'founded': 1909, 'logo_path': 'https://cdn.sportmonks.com/images/soccer/teams/4/68.png', 'venue_id': 2166, 'current_season_id': 19744, 'is_placeholder': False}}}}"
2,892,30965,18588,1731,1,0,goals,"{'data': {'player_id': 30965, 'team_id': None, 'country_id': 266, 'position_id': 4, 'common_name': 'M. Mandžukić', 'display_name': 'Mario Mandžukić', 'fullname': 'Mario Mandžukić', 'firstname': 'Mario', 'lastname': 'Mandžukić', 'nationality': 'Croatia', 'birthdate': '21/05/1986', 'birthcountry': 'Croatia', 'birthplace': 'Slavonski Brod', 'height': '190 cm', 'weight': '85 kg', 'image_path': 'https://cdn.sportmonks.com/images/soccer/players/21/30965.png'}}"
2,892,580,18701,1733,4,1,goals,"{'data': {'player_id': 580, 'team_id': 14, 'country_id': 20, 'position_id': 4, 'common_name': 'C. Ronaldo', 'display_name': 'Cristiano Ronaldo', 'fullname': 'Cristiano Ronaldo dos Santos Aveiro', 'firstname': 'Cristiano Ronaldo', 'lastname': 'dos Santos Aveiro', 'nationality': 'Portugal', 'birthdate': '05/02/1985', 'birthcountry': 'Portugal', 'birthplace': 'Funchal', 'height': '187 cm', 'weight': '83 kg', 'image_path': 'https://cdn.sportmonks.com/images/soccer/players/4/580.png', 'team': {'data': {'id': 14, 'legacy_id': 375, 'name': 'Manchester United', 'short_code': 'MUN', 'twitter': '@ManUtd', 'country_id': 462, 'national_team': False, 'founded': 1878, 'logo_path': 'https://cdn.sportmonks.com/images/soccer/teams/14/14.png', 'venue_id': 206, 'current_season_id': 19734, 'is_placeholder': False}}}}"
3,892,1359,18644,1727,1,0,goals,"{'data': {'player_id': 1359, 'team_id': None, 'country_id': 44, 'position_id': 4, 'common_name': 'S. Agüero del Castillo', 'display_name': 'Sergio Agüero', 'fullname': 'Sergio Leonel Agüero del Castillo', 'firstname': 'Sergio Leonel', 'lastname': 'Agüero del Castillo', 'nationality': 'Argentina', 'birthdate': '02/06/1988', 'birthcountry': 'Argentina', 'birthplace': 'Quilmes', 'height': '173 cm', 'weight': '70 kg', 'image_path': 'https://cdn.sportmonks.com/images/soccer/players/15/1359.png'}}"
3,892,1371,18743,1728,1,0,goals,"{'data': {'player_id': 1371, 'team_id': 9, 'country_id': 556, 'position_id': 3, 'common_name': 'K. De Bruyne', 'display_name': 'Kevin De Bruyne', 'fullname': 'Kevin De Bruyne', 'firstname': 'Kevin', 'lastname': 'De Bruyne', 'nationality': 'Belgium', 'birthdate': '28/06/1991', 'birthcountry': 'Belgium', 'birthplace': 'Drongen', 'height': '181 cm', 'weight': '68 kg', 'image_path': 'https://cdn.sportmonks.com/images/soccer/players/27/1371.png', 'team': {'data': {'id': 9, 'legacy_id': 127, 'name': 'Manchester City', 'short_code': 'MCI', 'twitter': '@ManCity', 'country_id': 462, 'national_team': False, 'founded': 1880, 'logo_path': 'https://cdn.sportmonks.com/images/soccer/teams/9/9.png', 'venue_id': 151, 'current_season_id': 19734, 'is_placeholder': False}}}}"
3,892,1016,18645,1729,1,0,goals,"{'data': {'player_id': 1016, 'team_id': 20, 'country_id': 462, 'position_id': 2, 'common_name': 'K. Trippier', 'display_name': 'Kieran Trippier', 'fullname': 'Kieran Trippier', 'firstname': 'Kieran', 'lastname': 'Trippier', 'nationality': 'England', 'birthdate': '19/09/1990', 'birthcountry': 'England', 'birthplace': 'Bury', 'height': '178 cm', 'weight': '71 kg', 'image_path': 'https://cdn.sportmonks.com/images/soccer/players/24/1016.png', 'team': {'data': {'id': 20, 'legacy_id': 380, 'name': 'Newcastle United', 'short_code': 'NEW', 'twitter': '@NUFC', 'country_id': 462, 'national_team': False, 'founded': 1892, 'logo_path': 'https://cdn.sportmonks.com/images/soccer/teams/20/20.png', 'venue_id': 449, 'current_season_id': 19734, 'is_placeholder': False}}}}"
3,892,96611,18647,1731,1,0,goals,"{'data': {'player_id': 96611, 'team_id': 591, 'country_id': 17, 'position_id': 4, 'common_name': 'K. Mbappé Lottin', 'display_name': 'Kylian Mbappé', 'fullname': 'Kylian Mbappé Lottin', 'firstname': 'Kylian', 'lastname': 'Mbappé Lottin', 'nationality': 'France', 'birthdate': '20/12/1998', 'birthcountry': 'France', 'birthplace': 'Paris', 'height': '178 cm', 'weight': '73 kg', 'image_path': 'https://cdn.sportmonks.com/images/soccer/players/3/96611.png', 'team': {'data': {'id': 591, 'legacy_id': 131, 'name': 'Paris Saint Germain', 'short_code': 'PSG', 'twitter': '@PSG_inside', 'country_id': 17, 'national_team': False, 'founded': 1970, 'logo_path': 'https://cdn.sportmonks.com/images/soccer/teams/15/591.png', 'venue_id': 131, 'current_season_id': 19745, 'is_placeholder': False}}}}"
3,892,995,18743,1733,4,0,goals,"{'data': {'player_id': 995, 'team_id': 2930, 'country_id': 556, 'position_id': 4, 'common_name': 'R. Lukaku', 'display_name': 'Romelu Lukaku', 'fullname': 'Romelu Lukaku Menama', 'firstname': 'Romelu', 'lastname': 'Lukaku Menama', 'nationality': 'Belgium', 'birthdate': '13/05/1993', 'birthcountry': 'Belgium', 'birthplace': 'Antwerpen', 'height': '190 cm', 'weight': '94 kg', 'image_path': 'https://cdn.sportmonks.com/images/soccer/players/3/995.png', 'team': {'data': {'id': 2930, 'legacy_id': 158, 'name': 'Inter', 'short_code': 'INT', 'twitter': '@Inter', 'country_id': 251, 'national_team': False, 'founded': 1908, 'logo_path': 'https://cdn.sportmonks.com/images/soccer/teams/18/2930.png', 'venue_id': 1721, 'current_season_id': 19806, 'is_placeholder': False}}}}"
4,892,1461,18704,1727,1,0,goals,"{'data': {'player_id': 1461, 'team_id': 8, 'country_id': 5, 'position_id': 4, 'common_name': 'R. Firmino', 'display_name': 'Roberto Firmino', 'fullname': 'Roberto Firmino Barbosa de Oliveira', 'firstname': 'Roberto Firmino', 'lastname': 'Barbosa de Oliveira', 'nationality': 'Brazil', 'birthdate': '02/10/1991', 'birthcountry': 'Brazil', 'birthplace': 'Maceió', 'height': '181 cm', 'weight': '76 kg', 'image_path': 'https://cdn.sportmonks.com/images/soccer/players/21/1461.png', 'team': {'data': {'id': 8, 'legacy_id': 119, 'name': 'Liverpool', 'short_code': 'LIV', 'twitter': '@LFC', 'country_id': 462, 'national_team': False, 'founded': 1892, 'logo_path': 'https://cdn.sportmonks.com/images/soccer/teams/8/8.png', 'venue_id': 230, 'current_season_id': 19734, 'is_placeholder': False}}}}"
4,892,169395,18702,1728,1,0,goals,"{'data': {'player_id': 169395, 'team_id': None, 'country_id': 227, 'position_id': 2, 'common_name': 'M. Figueira Fernandes', 'display_name': 'Mário Fernandes', 'fullname': 'Mário Figueira Fernandes', 'firstname': 'Mário', 'lastname': 'Figueira Fernandes', 'nationality': 'Russia', 'birthdate': '19/09/1990', 'birthcountry': 'Brazil', 'birthplace': 'São Caetano do Sul', 'height': '188 cm', 'weight': '81 kg', 'image_path': 'https://cdn.sportmonks.com/images/soccer/players/19/169395.png'}}"
4,892,95496,18647,1729,1,0,goals,"{'data': {'player_id': 95496, 'team_id': 7790, 'country_id': 17, 'position_id': 2, 'common_name': 'S. Umtiti', 'display_name': 'Samuel Umtiti', 'fullname': 'Samuel Yves Umtiti', 'firstname': 'Samuel Yves', 'lastname': 'Umtiti', 'nationality': 'France', 'birthdate': '14/11/1993', 'birthcountry': 'Cameroon', 'birthplace': 'Yaoundé', 'height': '182 cm', 'weight': '75 kg', 'image_path': 'https://cdn.sportmonks.com/images/soccer/players/8/95496.png', 'team': {'data': {'id': 7790, 'legacy_id': 2582, 'name': 'Lecce', 'short_code': 'LEC', 'twitter': '@Lecce_Official', 'country_id': 251, 'national_team': False, 'founded': 1908, 'logo_path': 'https://cdn.sportmonks.com/images/soccer/teams/14/7790.png', 'venue_id': 5047, 'current_season_id': 19806, 'is_placeholder': False}}}}"
4,892,31002,18588,1731,1,0,goals,"{'data': {'player_id': 31002, 'team_id': 6, 'country_id': 266, 'position_id': 3, 'common_name': 'I. Perišić', 'display_name': 'Ivan Perišić', 'fullname': 'Ivan Perišić', 'firstname': 'Ivan', 'lastname': 'Perišić', 'nationality': 'Croatia', 'birthdate': '02/02/1989', 'birthcountry': 'Croatia', 'birthplace': 'Split', 'height': '187 cm', 'weight': '80 kg', 'image_path': 'https://cdn.sportmonks.com/images/soccer/players/26/31002.png', 'team': {'data': {'id': 6, 'legacy_id': 148, 'name': 'Tottenham Hotspur', 'short_code': 'TOT', 'twitter': '@SpursOfficial', 'country_id': 462, 'national_team': False, 'founded': 1882, 'logo_path': 'https://cdn.sportmonks.com/images/soccer/teams/6/6.png', 'venue_id': 281313, 'current_season_id': 19734, 'is_placeholder': False}}}}"
4,892,186479,18702,1733,3,0,goals,"{'data': {'player_id': 186479, 'team_id': 267, 'country_id': 227, 'position_id': 3, 'common_name': 'D. Cheryshev', 'display_name': 'Denis Cheryshev', 'fullname': 'Denis Cheryshev', 'firstname': 'Denis', 'lastname': 'Cheryshev', 'nationality': 'Russia', 'birthdate': '26/12/1990', 'birthcountry': 'Russia', 'birthplace': 'Nizhny Novgorod', 'height': '179 cm', 'weight': '74 kg', 'image_path': 'https://cdn.sportmonks.com/images/soccer/players/15/186479.png', 'team': {'data': {'id': 267, 'legacy_id': 2569, 'name': 'Venezia', 'short_code': 'VEN', 'twitter': '@VeneziaFC_IT', 'country_id': 251, 'national_team': False, 'founded': 1907, 'logo_path': 'https://cdn.sportmonks.com/images/soccer/teams/11/267.png', 'venue_id': 19196, 'current_season_id': 20080, 'is_placeholder': False}}}}"
5,892,991,18743,1727,1,0,goals,"{'data': {'player_id': 991, 'team_id': 357, 'country_id': 556, 'position_id': 3, 'common_name': 'N. Chadli', 'display_name': 'Nacer Chadli', 'fullname': 'Nacer Chadli', 'firstname': 'Nacer', 'lastname': 'Chadli', 'nationality': 'Belgium', 'birthdate': '02/08/1989', 'birthcountry': 'Belgium', 'birthplace': 'Liège', 'height': '187 cm', 'weight': '80 kg', 'image_path': 'https://cdn.sportmonks.com/images/soccer/players/31/991.png', 'team': {'data': {'id': 357, 'legacy_id': 190, 'name': 'Westerlo', 'short_code': None, 'twitter': None, 'country_id': 556, 'national_team': False, 'founded': 1933, 'logo_path': 'https://cdn.sportmonks.com/images/soccer/teams/5/357.png', 'venue_id': 4609, 'current_season_id': 19785, 'is_placeholder': False}}}}"
5,892,185658,18647,1728,1,0,goals,"{'data': {'player_id': 185658, 'team_id': 7980, 'country_id': 17, 'position_id': 4, 'common_name': 'A. Griezmann', 'display_name': 'Antoine Griezmann', 'fullname': 'Antoine Griezmann', 'firstname': 'Antoine', 'lastname': 'Griezmann', 'nationality': 'France', 'birthdate': '21/03/1991', 'birthcountry': 'France', 'birthplace': 'Mâcon', 'height': '176 cm', 'weight': '73 kg', 'image_path': 'https://cdn.sportmonks.com/images/soccer/players/26/185658.png', 'team': {'data': {'id': 7980, 'legacy_id': 113, 'name': 'Atlético Madrid', 'short_code': 'ATM', 'twitter': '@Atleti', 'country_id': 32, 'national_team': False, 'founded': 1903, 'logo_path': 'https://cdn.sportmonks.com/images/soccer/teams/12/7980.png', 'venue_id': 140808, 'current_season_id': 19799, 'is_placeholder': False}}}}"
5,892,1992,18647,1731,1,0,goals,"{'data': {'player_id': 1992, 'team_id': 625, 'country_id': 17, 'position_id': 3, 'common_name': 'P. Pogba', 'display_name': 'Paul Pogba', 'fullname': 'Paul Pogba', 'firstname': 'Paul', 'lastname': 'Pogba', 'nationality': 'France', 'birthdate': '15/03/1993', 'birthcountry': 'France', 'birthplace': 'Langny-sur-Marne', 'height': '191 cm', 'weight': '84 kg', 'image_path': 'https://cdn.sportmonks.com/images/soccer/players/8/1992.png', 'team': {'data': {'id': 625, 'legacy_id': 114, 'name': 'Juventus', 'short_code': 'JUV', 'twitter': '@juventusfc', 'country_id': 251, 'national_team': False, 'founded': 1897, 'logo_path': 'https://cdn.sportmonks.com/images/soccer/teams/17/625.png', 'venue_id': 118500, 'current_season_id': 19806, 'is_placeholder': False}}}}"
5,892,1339,18710,1733,3,0,goals,"{'data': {'player_id': 1339, 'team_id': 29, 'country_id': 32, 'position_id': 4, 'common_name': 'D. da Silva Costa', 'display_name': 'Diego Costa', 'fullname': 'Diego da Silva Costa', 'firstname': 'Diego', 'lastname': 'da Silva Costa', 'nationality': 'Spain', 'birthdate': '07/10/1988', 'birthcountry': 'Brazil', 'birthplace': 'Lagarto', 'height': '188 cm', 'weight': '86 kg', 'image_path': 'https://cdn.sportmonks.com/images/soccer/players/27/1339.png', 'team': {'data': {'id': 29, 'legacy_id': 396, 'name': 'Wolverhampton Wanderers', 'short_code': 'WLV', 'twitter': '@Wolves', 'country_id': 462, 'national_team': False, 'founded': 1877, 'logo_path': 'https://cdn.sportmonks.com/images/soccer/teams/29/29.png', 'venue_id': 492, 'current_season_id': 19734, 'is_placeholder': False}}}}"
6,892,186320,18704,1727,1,0,goals,"{'data': {'player_id': 186320, 'team_id': 591, 'country_id': 5, 'position_id': 4, 'common_name': 'N. da Silva Santos Junior', 'display_name': 'Neymar', 'fullname': 'Neymar da Silva Santos Junior', 'firstname': 'Neymar', 'lastname': 'da Silva Santos Junior', 'nationality': 'Brazil', 'birthdate': '05/02/1992', 'birthcountry': 'Brazil', 'birthplace': 'Mogi das Cruzes', 'height': '175 cm', 'weight': '68 kg', 'image_path': 'https://cdn.sportmonks.com/images/soccer/players/16/186320.png', 'team': {'data': {'id': 591, 'legacy_id': 131, 'name': 'Paris Saint Germain', 'short_code': 'PSG', 'twitter': '@PSG_inside', 'country_id': 17, 'national_team': False, 'founded': 1970, 'logo_path': 'https://cdn.sportmonks.com/images/soccer/teams/15/591.png', 'venue_id': 131, 'current_season_id': 19745, 'is_placeholder': False}}}}"
6,892,1232,18588,1728,1,0,goals,"{'data': {'player_id': 1232, 'team_id': 2726, 'country_id': 266, 'position_id': 4, 'common_name': 'A. Kramarić', 'display_name': 'Andrej Kramarić', 'fullname': 'Andrej Kramarić', 'firstname': 'Andrej', 'lastname': 'Kramarić', 'nationality': 'Croatia', 'birthdate': '19/06/1991', 'birthcountry': 'Croatia', 'birthplace': 'Zagreb', 'height': '177 cm', 'weight': '73 kg', 'image_path': 'https://cdn.sportmonks.com/images/soccer/players/16/1232.png', 'team': {'data': {'id': 2726, 'legacy_id': 45, 'name': 'TSG Hoffenheim', 'short_code': 'TSG', 'twitter': '@achtzehn99', 'country_id': 11, 'national_team': False, 'founded': 1899, 'logo_path': 'https://cdn.sportmonks.com/images/soccer/teams/6/2726.png', 'venue_id': 1618, 'current_season_id': 19744, 'is_placeholder': False}}}}"
6,892,810,18704,1733,2,0,goals,"{'data': {'player_id': 810, 'team_id': 15, 'country_id': 5, 'position_id': 3, 'common_name': 'P. Coutinho Correia', 'display_name': 'Philippe Coutinho', 'fullname': 'Philippe Coutinho Correia', 'firstname': 'Philippe', 'lastname': 'Coutinho Correia', 'nationality': 'Brazil', 'birthdate': '12/06/1992', 'birthcountry': 'Brazil', 'birthplace': 'Rio de Janeiro', 'height': '172 cm', 'weight': '68 kg', 'image_path': 'https://cdn.sportmonks.com/images/soccer/players/10/810.png', 'team': {'data': {'id': 15, 'legacy_id': 386, 'name': 'Aston Villa', 'short_code': 'AVA', 'twitter': '@AVFCOfficial', 'country_id': 462, 'national_team': False, 'founded': 1874, 'logo_path': 'https://cdn.sportmonks.com/images/soccer/teams/15/15.png', 'venue_id': 5, 'current_season_id': 19734, 'is_placeholder': False}}}}"
7,892,4105,18644,1727,1,0,goals,"{'data': {'player_id': 4105, 'team_id': 625, 'country_id': 44, 'position_id': 3, 'common_name': 'Á. Di María Hernández', 'display_name': 'Ángel Di María', 'fullname': 'Ángel Fabián Di María Hernández', 'firstname': 'Ángel Fabián', 'lastname': 'Di María Hernández', 'nationality': 'Argentina', 'birthdate': '14/02/1988', 'birthcountry': 'Argentina', 'birthplace': 'Rosario', 'height': '180 cm', 'weight': '75 kg', 'image_path': 'https://cdn.sportmonks.com/images/soccer/players/9/4105.png', 'team': {'data': {'id': 625, 'legacy_id': 114, 'name': 'Juventus', 'short_code': 'JUV', 'twitter': '@juventusfc', 'country_id': 251, 'national_team': False, 'founded': 1897, 'logo_path': 'https://cdn.sportmonks.com/images/soccer/teams/17/625.png', 'venue_id': 118500, 'current_season_id': 19806, 'is_placeholder': False}}}}"
7,892,2884,18645,1728,1,0,goals,"{'data': {'player_id': 2884, 'team_id': 14, 'country_id': 462, 'position_id': 2, 'common_name': 'H. Maguire', 'display_name': 'Harry Maguire', 'fullname': 'Harry Maguire', 'firstname': 'Harry', 'lastname': 'Maguire', 'nationality': 'England', 'birthdate': '05/03/1993', 'birthcountry': 'England', 'birthplace': 'Sheffield', 'height': '194 cm', 'weight': '100 kg', 'image_path': 'https://cdn.sportmonks.com/images/soccer/players/4/2884.png', 'team': {'data': {'id': 14, 'legacy_id': 375, 'name': 'Manchester United', 'short_code': 'MUN', 'twitter': '@ManUtd', 'country_id': 462, 'national_team': False, 'founded': 1878, 'logo_path': 'https://cdn.sportmonks.com/images/soccer/teams/14/14.png', 'venue_id': 206, 'current_season_id': 19734, 'is_placeholder': False}}}}"
7,892,169510,18702,1733,2,0,goals,"{'data': {'player_id': 169510, 'team_id': None, 'country_id': 227, 'position_id': 4, 'common_name': 'A. Dzyuba', 'display_name': 'Artem Dzyuba', 'fullname': 'Artem Dzyuba', 'firstname': 'Artem', 'lastname': 'Dzyuba', 'nationality': 'Russia', 'birthdate': '22/08/1988', 'birthcountry': 'Russia', 'birthplace': 'Moskva', 'height': '196 cm', 'weight': '96 kg', 'image_path': 'https://cdn.sportmonks.com/images/soccer/players/6/169510.png'}}"
8,892,169510,18702,1727,1,1,goals,"{'data': {'player_id': 169510, 'team_id': None, 'country_id': 227, 'position_id': 4, 'common_name': 'A. Dzyuba', 'display_name': 'Artem Dzyuba', 'fullname': 'Artem Dzyuba', 'firstname': 'Artem', 'lastname': 'Dzyuba', 'nationality': 'Russia', 'birthdate': '22/08/1988', 'birthcountry': 'Russia', 'birthplace': 'Moskva', 'height': '196 cm', 'weight': '96 kg', 'image_path': 'https://cdn.sportmonks.com/images/soccer/players/6/169510.png'}}"
8,892,30367,18704,1728,1,0,goals,"{'data': {'player_id': 30367, 'team_id': 303, 'country_id': 5, 'position_id': 3, 'common_name': 'R. Soares de Oliveira Augusto', 'display_name': 'Renato Augusto', 'fullname': 'Renato Soares de Oliveira Augusto', 'firstname': 'Renato', 'lastname': 'Soares de Oliveira Augusto', 'nationality': 'Brazil', 'birthdate': '08/02/1988', 'birthcountry': 'Brazil', 'birthplace': 'Rio de Janeiro', 'height': '186 cm', 'weight': '86 kg', 'image_path': 'https://cdn.sportmonks.com/images/soccer/players/31/30367.png', 'team': {'data': {'id': 303, 'legacy_id': 789, 'name': 'Corinthians', 'short_code': 'CTH', 'twitter': None, 'country_id': 5, 'national_team': False, 'founded': 1910, 'logo_path': 'https://cdn.sportmonks.com/images/soccer/teams/15/303.png', 'venue_id': 10494, 'current_season_id': 19434, 'is_placeholder': False}}}}"
8,892,329,18564,1733,2,2,goals,"{'data': {'player_id': 329, 'team_id': None, 'country_id': 47, 'position_id': 2, 'common_name': 'A. Granqvist', 'display_name': 'Andreas Granqvist', 'fullname': 'Andreas Granqvist', 'firstname': 'Andreas', 'lastname': 'Granqvist', 'nationality': 'Sweden', 'birthdate': '16/04/1985', 'birthcountry': 'Sweden', 'birthplace': 'Påarp', 'height': '192 cm', 'weight': '84 kg', 'image_path': 'https://cdn.sportmonks.com/images/soccer/players/9/329.png'}}"
9,892,420,18743,1727,1,0,goals,"{'data': {'player_id': 420, 'team_id': 2458, 'country_id': 556, 'position_id': 3, 'common_name': 'M. Fellaini-Bakkioui', 'display_name': 'Marouane Fellaini', 'fullname': 'Marouane Fellaini-Bakkioui', 'firstname': 'Marouane', 'lastname': 'Fellaini-Bakkioui', 'nationality': 'Belgium', 'birthdate': '22/11/1987', 'birthcountry': 'Belgium', 'birthplace': 'Etterbeek', 'height': '194 cm', 'weight': '85 kg', 'image_path': 'https://cdn.sportmonks.com/images/soccer/players/4/420.png', 'team': {'data': {'id': 2458, 'legacy_id': 2157, 'name': 'Shandong Luneng', 'short_code': 'SHL', 'twitter': None, 'country_id': 5618, 'national_team': False, 'founded': 1988, 'logo_path': 'https://cdn.sportmonks.com/images/soccer/teams/26/2458.png', 'venue_id': 1469, 'current_season_id': 19679, 'is_placeholder': False}}}}"
9,892,95807,18647,1728,1,0,goals,"{'data': {'player_id': 95807, 'team_id': 14, 'country_id': 17, 'position_id': 2, 'common_name': 'R. Varane', 'display_name': 'Raphaël Varane', 'fullname': 'Raphaël Varane', 'firstname': 'Raphaël', 'lastname': 'Varane', 'nationality': 'France', 'birthdate': '25/04/1993', 'birthcountry': 'France', 'birthplace': 'Lille', 'height': '191 cm', 'weight': '81 kg', 'image_path': 'https://cdn.sportmonks.com/images/soccer/players/31/95807.png', 'team': {'data': {'id': 14, 'legacy_id': 375, 'name': 'Manchester United', 'short_code': 'MUN', 'twitter': '@ManUtd', 'country_id': 462, 'national_team': False, 'founded': 1878, 'logo_path': 'https://cdn.sportmonks.com/images/soccer/teams/14/14.png', 'venue_id': 206, 'current_season_id': 19734, 'is_placeholder': False}}}}"
9,892,1331,18743,1733,2,1,goals,"{'data': {'player_id': 1331, 'team_id': 3468, 'country_id': 556, 'position_id': 4, 'common_name': 'E. Hazard', 'display_name': 'Eden Hazard', 'fullname': 'Eden Hazard', 'firstname': 'Eden', 'lastname': 'Hazard', 'nationality': 'Belgium', 'birthdate': '07/01/1991', 'birthcountry': 'Belgium', 'birthplace': 'La Louvière', 'height': '173 cm', 'weight': '76 kg', 'image_path': 'https://cdn.sportmonks.com/images/soccer/players/19/1331.png', 'team': {'data': {'id': 3468, 'legacy_id': 117, 'name': 'Real Madrid', 'short_code': 'RMA', 'twitter': '@realmadrid', 'country_id': 32, 'national_team': False, 'founded': 1902, 'logo_path': 'https://cdn.sportmonks.com/images/soccer/teams/12/3468.png', 'venue_id': 2020, 'current_season_id': 19799, 'is_placeholder': False}}}}"
10,892,32586,18564,1727,1,0,goals,"{'data': {'player_id': 32586, 'team_id': 277, 'country_id': 47, 'position_id': 3, 'common_name': 'E. Forsberg', 'display_name': 'Emil Forsberg', 'fullname': 'Emil Forsberg', 'firstname': 'Emil', 'lastname': 'Forsberg', 'nationality': 'Sweden', 'birthdate': '23/10/1991', 'birthcountry': 'Sweden', 'birthplace': 'Sundsvall', 'height': '179 cm', 'weight': '78 kg', 'image_path': 'https://cdn.sportmonks.com/images/soccer/players/10/32586.png', 'team': {'data': {'id': 277, 'legacy_id': 64, 'name': 'RB Leipzig', 'short_code': 'RBL', 'twitter': '@DieRotenBullen', 'country_id': 11, 'national_team': False, 'founded': 2009, 'logo_path': 'https://cdn.sportmonks.com/images/soccer/teams/21/277.png', 'venue_id': 2171, 'current_season_id': 19744, 'is_placeholder': False}}}}"
10,892,31403,18588,1728,1,0,goals,"{'data': {'player_id': 31403, 'team_id': 781, 'country_id': 266, 'position_id': 2, 'common_name': 'D. Vida', 'display_name': 'Domagoj Vida', 'fullname': 'Domagoj Vida', 'firstname': 'Domagoj', 'lastname': 'Vida', 'nationality': 'Croatia', 'birthdate': '29/04/1989', 'birthcountry': 'Croatia', 'birthplace': 'Osijek', 'height': '184 cm', 'weight': '76 kg', 'image_path': 'https://cdn.sportmonks.com/images/soccer/players/11/31403.png', 'team': {'data': {'id': 781, 'legacy_id': 859, 'name': 'AEK Athens', 'short_code': 'AEK', 'twitter': None, 'country_id': 125, 'national_team': False, 'founded': 1924, 'logo_path': 'https://cdn.sportmonks.com/images/soccer/teams/13/781.png', 'venue_id': 254, 'current_season_id': 20206, 'is_placeholder': False}}}}"
10,892,1126,18730,1733,2,2,goals,"{'data': {'player_id': 1126, 'team_id': None, 'country_id': 98, 'position_id': 3, 'common_name': 'M. Jedinak', 'display_name': 'Mile Jedinak', 'fullname': 'Mile Jedinak', 'firstname': 'Mile', 'lastname': 'Jedinak', 'nationality': 'Australia', 'birthdate': '03/08/1984', 'birthcountry': 'Australia', 'birthplace': 'Sydney', 'height': '189 cm', 'weight': '87 kg', 'image_path': 'https://cdn.sportmonks.com/images/soccer/players/6/1126.png'}}"
11,892,185658,18647,1727,1,1,goals,"{'data': {'player_id': 185658, 'team_id': 7980, 'country_id': 17, 'position_id': 4, 'common_name': 'A. Griezmann', 'display_name': 'Antoine Griezmann', 'fullname': 'Antoine Griezmann', 'firstname': 'Antoine', 'lastname': 'Griezmann', 'nationality': 'France', 'birthdate': '21/03/1991', 'birthcountry': 'France', 'birthplace': 'Mâcon', 'height': '176 cm', 'weight': '73 kg', 'image_path': 'https://cdn.sportmonks.com/images/soccer/players/26/185658.png', 'team': {'data': {'id': 7980, 'legacy_id': 113, 'name': 'Atlético Madrid', 'short_code': 'ATM', 'twitter': '@Atleti', 'country_id': 32, 'national_team': False, 'founded': 1903, 'logo_path': 'https://cdn.sportmonks.com/images/soccer/teams/12/7980.png', 'venue_id': 140808, 'current_season_id': 19799, 'is_placeholder': False}}}}"
11,892,1806,18554,1733,2,0,goals,"{'data': {'player_id': 1806, 'team_id': 581, 'country_id': 1439, 'position_id': 3, 'common_name': 'W. Khazri', 'display_name': 'Wahbi Khazri', 'fullname': 'Wahbi Khazri', 'firstname': 'Wahbi', 'lastname': 'Khazri', 'nationality': 'Tunisia', 'birthdate': '08/02/1991', 'birthcountry': 'France', 'birthplace': 'Ajaccio', 'height': '182 cm', 'weight': '76 kg', 'image_path': 'https://cdn.sportmonks.com/images/soccer/players/14/1806.png', 'team': {'data': {'id': 581, 'legacy_id': 555, 'name': 'Montpellier', 'short_code': 'MPL', 'twitter': '@MontpellierHSC', 'country_id': 17, 'national_team': False, 'founded': 1974, 'logo_path': 'https://cdn.sportmonks.com/images/soccer/teams/5/581.png', 'venue_id': 126, 'current_season_id': 19745, 'is_placeholder': False}}}}"
12,892,32130,18597,1727,1,0,goals,"{'data': {'player_id': 32130, 'team_id': 1079, 'country_id': 479, 'position_id': 3, 'common_name': 'G. Haraguchi', 'display_name': 'Genki Haraguchi', 'fullname': 'Genki Haraguchi', 'firstname': 'Genki', 'lastname': 'Haraguchi', 'nationality': 'Japan', 'birthdate': '09/05/1991', 'birthcountry': 'Japan', 'birthplace': 'Kumagaya', 'height': '177 cm', 'weight': '68 kg', 'image_path': 'https://cdn.sportmonks.com/images/soccer/players/2/32130.png', 'team': {'data': {'id': 1079, 'legacy_id': 67, 'name': 'FC Union Berlin', 'short_code': 'UNB', 'twitter': '@fcunion', 'country_id': 11, 'national_team': False, 'founded': 1966, 'logo_path': 'https://cdn.sportmonks.com/images/soccer/teams/23/1079.png', 'venue_id': 420, 'current_season_id': 19744, 'is_placeholder': False}}}}"
12,892,220040,18720,1733,2,0,goals,"{'data': {'player_id': 220040, 'team_id': 13, 'country_id': 353, 'position_id': 2, 'common_name': 'Y. Mina González', 'display_name': 'Yerry Mina', 'fullname': 'Yerry Fernando Mina González', 'firstname': 'Yerry Fernando', 'lastname': 'Mina González', 'nationality': 'Colombia', 'birthdate': '23/09/1994', 'birthcountry': 'Colombia', 'birthplace': 'Guachené', 'height': '195 cm', 'weight': '94 kg', 'image_path': 'https://cdn.sportmonks.com/images/soccer/players/8/220040.png', 'team': {'data': {'id': 13, 'legacy_id': 165, 'name': 'Everton', 'short_code': 'EVE', 'twitter': '@Everton', 'country_id': 462, 'national_team': False, 'founded': 1878, 'logo_path': 'https://cdn.sportmonks.com/images/soccer/teams/13/13.png', 'venue_id': 12, 'current_season_id': 19734, 'is_placeholder': False}}}}"
13,892,31638,18597,1727,1,0,goals,"{'data': {'player_id': 31638, 'team_id': 3663, 'country_id': 479, 'position_id': 3, 'common_name': 'T. Inui', 'display_name': 'Takashi Inui', 'fullname': 'Takashi Inui', 'firstname': 'Takashi', 'lastname': 'Inui', 'nationality': 'Japan', 'birthdate': '02/06/1988', 'birthcountry': 'Japan', 'birthplace': 'Ōmihachiman', 'height': '169 cm', 'weight': '59 kg', 'image_path': 'https://cdn.sportmonks.com/images/soccer/players/22/31638.png', 'team': {'data': {'id': 3663, 'legacy_id': 2067, 'name': 'Shimizu S-Pulse', 'short_code': 'SHI', 'twitter': None, 'country_id': 479, 'national_team': False, 'founded': 1991, 'logo_path': 'https://cdn.sportmonks.com/images/soccer/teams/15/3663.png', 'venue_id': 13539, 'current_season_id': 19312, 'is_placeholder': False}}}}"
13,892,268,18588,1733,2,1,goals,"{'data': {'player_id': 268, 'team_id': 3468, 'country_id': 266, 'position_id': 3, 'common_name': 'L. Modrić', 'display_name': 'Luka Modrić', 'fullname': 'Luka Modrić', 'firstname': 'Luka', 'lastname': 'Modrić', 'nationality': 'Croatia', 'birthdate': '09/09/1985', 'birthcountry': 'Croatia', 'birthplace': 'Zadar', 'height': '172 cm', 'weight': '66 kg', 'image_path': 'https://cdn.sportmonks.com/images/soccer/players/12/268.png', 'team': {'data': {'id': 3468, 'legacy_id': 117, 'name': 'Real Madrid', 'short_code': 'RMA', 'twitter': '@realmadrid', 'country_id': 32, 'national_team': False, 'founded': 1902, 'logo_path': 'https://cdn.sportmonks.com/images/soccer/teams/12/3468.png', 'venue_id': 2020, 'current_season_id': 19799, 'is_placeholder': False}}}}"
14,892,24613,18583,1727,1,0,goals,"{'data': {'player_id': 24613, 'team_id': 236, 'country_id': 320, 'position_id': 2, 'common_name': 'Zanka', 'display_name': 'Zanka', 'fullname': 'Mathias Jattah-Njie Jørgensen', 'firstname': 'Mathias', 'lastname': 'Jattah-Njie Jørgensen', 'nationality': 'Denmark', 'birthdate': '23/04/1990', 'birthcountry': 'Denmark', 'birthplace': 'København', 'height': '191 cm', 'weight': '79 kg', 'image_path': 'https://cdn.sportmonks.com/images/soccer/players/5/24613.png', 'team': {'data': {'id': 236, 'legacy_id': 395, 'name': 'Brentford', 'short_code': 'BRE', 'twitter': '@BrentfordFC', 'country_id': 462, 'national_team': False, 'founded': 1889, 'logo_path': 'https://cdn.sportmonks.com/images/soccer/teams/12/236.png', 'venue_id': 338817, 'current_season_id': 19734, 'is_placeholder': False}}}}"
14,892,1585,18737,1733,2,0,goals,"{'data': {'player_id': 1585, 'team_id': 365, 'country_id': 716, 'position_id': 4, 'common_name': 'A. Musa', 'display_name': 'Ahmed Musa', 'fullname': 'Ahmed Musa', 'firstname': 'Ahmed', 'lastname': 'Musa', 'nationality': 'Nigeria', 'birthdate': '14/10/1992', 'birthcountry': 'Nigeria', 'birthplace': 'Jos', 'height': '171 cm', 'weight': '66 kg', 'image_path': 'https://cdn.sportmonks.com/images/soccer/players/17/1585.png', 'team': {'data': {'id': 365, 'legacy_id': 543, 'name': 'Sivasspor', 'short_code': 'SIV', 'twitter': None, 'country_id': 404, 'national_team': False, 'founded': 1967, 'logo_path': 'https://cdn.sportmonks.com/images/soccer/teams/13/365.png', 'venue_id': 73015, 'current_season_id': 19900, 'is_placeholder': False}}}}"
15,892,997,18645,1727,1,1,goals,"{'data': {'player_id': 997, 'team_id': 6, 'country_id': 462, 'position_id': 4, 'common_name': 'H. Kane', 'display_name': 'Harry Kane', 'fullname': 'Harry Kane', 'firstname': 'Harry', 'lastname': 'Kane', 'nationality': 'England', 'birthdate': '28/07/1993', 'birthcountry': 'England', 'birthplace': 'London', 'height': '188 cm', 'weight': '86 kg', 'image_path': 'https://cdn.sportmonks.com/images/soccer/players/5/997.png', 'team': {'data': {'id': 6, 'legacy_id': 148, 'name': 'Tottenham Hotspur', 'short_code': 'TOT', 'twitter': '@SpursOfficial', 'country_id': 462, 'national_team': False, 'founded': 1882, 'logo_path': 'https://cdn.sportmonks.com/images/soccer/teams/6/6.png', 'venue_id': 281313, 'current_season_id': 19734, 'is_placeholder': False}}}}"
15,892,4125,18546,1733,2,1,goals,"{'data': {'player_id': 4125, 'team_id': 8, 'country_id': 886, 'position_id': 4, 'common_name': 'M. Salah Ghaly', 'display_name': 'Mohamed Salah', 'fullname': 'Mohamed Salah Ghaly', 'firstname': 'Mohamed', 'lastname': 'Salah Ghaly', 'nationality': 'Egypt', 'birthdate': '15/06/1992', 'birthcountry': 'Egypt', 'birthplace': 'Muḥāfaẓat al Gharbiyya', 'height': '175 cm', 'weight': '71 kg', 'image_path': 'https://cdn.sportmonks.com/images/soccer/players/29/4125.png', 'team': {'data': {'id': 8, 'legacy_id': 119, 'name': 'Liverpool', 'short_code': 'LIV', 'twitter': '@LFC', 'country_id': 462, 'national_team': False, 'founded': 1892, 'logo_path': 'https://cdn.sportmonks.com/images/soccer/teams/8/8.png', 'venue_id': 230, 'current_season_id': 19734, 'is_placeholder': False}}}}"
16,892,184934,18701,1727,1,0,goals,"{'data': {'player_id': 184934, 'team_id': 652, 'country_id': 20, 'position_id': 2, 'common_name': 'Pepe', 'display_name': 'Pepe', 'fullname': 'Kléper Laveran Lima Ferreira', 'firstname': 'Kléper', 'lastname': 'Laveran Lima Ferreira', 'nationality': 'Portugal', 'birthdate': '26/02/1983', 'birthcountry': 'Brazil', 'birthplace': 'Maceió', 'height': '188 cm', 'weight': '81 kg', 'image_path': 'https://cdn.sportmonks.com/images/soccer/players/6/184934.png', 'team': {'data': {'id': 652, 'legacy_id': 136, 'name': 'Porto', 'short_code': 'POR', 'twitter': '@FCPorto', 'country_id': 20, 'national_team': False, 'founded': 1893, 'logo_path': 'https://cdn.sportmonks.com/images/soccer/teams/12/652.png', 'venue_id': 165, 'current_season_id': 19896, 'is_placeholder': False}}}}"
16,892,4313,18567,1733,2,0,goals,"{'data': {'player_id': 4313, 'team_id': 6, 'country_id': 712, 'position_id': 4, 'common_name': 'H. Son', 'display_name': 'Heung-Min Son', 'fullname': 'Heung-Min Son', 'firstname': 'Heung-Min', 'lastname': 'Son', 'nationality': 'Korea Republic', 'birthdate': '08/07/1992', 'birthcountry': 'Korea Republic', 'birthplace': 'Chuncheon', 'height': '183 cm', 'weight': '78 kg', 'image_path': 'https://cdn.sportmonks.com/images/soccer/players/25/4313.png', 'team': {'data': {'id': 6, 'legacy_id': 148, 'name': 'Tottenham Hotspur', 'short_code': 'TOT', 'twitter': '@SpursOfficial', 'country_id': 462, 'national_team': False, 'founded': 1882, 'logo_path': 'https://cdn.sportmonks.com/images/soccer/teams/6/6.png', 'venue_id': 281313, 'current_season_id': 19734, 'is_placeholder': False}}}}"
17,892,30965,18588,1727,1,0,goals,"{'data': {'player_id': 30965, 'team_id': None, 'country_id': 266, 'position_id': 4, 'common_name': 'M. Mandžukić', 'display_name': 'Mario Mandžukić', 'fullname': 'Mario Mandžukić', 'firstname': 'Mario', 'lastname': 'Mandžukić', 'nationality': 'Croatia', 'birthdate': '21/05/1986', 'birthcountry': 'Croatia', 'birthplace': 'Slavonski Brod', 'height': '190 cm', 'weight': '85 kg', 'image_path': 'https://cdn.sportmonks.com/images/soccer/players/21/30965.png'}}"
17,892,982,18645,1733,2,0,goals,"{'data': {'player_id': 982, 'team_id': 9, 'country_id': 462, 'position_id': 2, 'common_name': 'J. Stones', 'display_name': 'John Stones', 'fullname': 'John Stones', 'firstname': 'John', 'lastname': 'Stones', 'nationality': 'England', 'birthdate': '28/05/1994', 'birthcountry': 'England', 'birthplace': 'Barnsley', 'height': '188 cm', 'weight': '70 kg', 'image_path': 'https://cdn.sportmonks.com/images/soccer/players/22/982.png', 'team': {'data': {'id': 9, 'legacy_id': 127, 'name': 'Manchester City', 'short_code': 'MCI', 'twitter': '@ManCity', 'country_id': 462, 'national_team': False, 'founded': 1880, 'logo_path': 'https://cdn.sportmonks.com/images/soccer/teams/9/9.png', 'venue_id': 151, 'current_season_id': 19734, 'is_placeholder': False}}}}"
18,892,186911,18644,1727,1,0,goals,"{'data': {'player_id': 186911, 'team_id': 2696, 'country_id': 44, 'position_id': 2, 'common_name': 'G. Mercado', 'display_name': 'Gabriel Mercado', 'fullname': 'Gabriel Iván Mercado', 'firstname': 'Gabriel Iván', 'lastname': 'Mercado', 'nationality': 'Argentina', 'birthdate': '18/03/1987', 'birthcountry': 'Argentina', 'birthplace': 'Puerto Madryn', 'height': '180 cm', 'weight': '85 kg', 'image_path': 'https://cdn.sportmonks.com/images/soccer/players/31/186911.png', 'team': {'data': {'id': 2696, 'legacy_id': 1134, 'name': 'Internacional', 'short_code': 'INL', 'twitter': None, 'country_id': 5, 'national_team': False, 'founded': 1909, 'logo_path': 'https://cdn.sportmonks.com/images/soccer/teams/8/2696.png', 'venue_id': 1604, 'current_season_id': 19434, 'is_placeholder': False}}}}"
18,892,947,15251,1733,2,0,goals,"{'data': {'player_id': 947, 'team_id': 828, 'country_id': 158, 'position_id': 4, 'common_name': 'L. Suárez Díaz', 'display_name': 'Luis Suárez', 'fullname': 'Luis Alberto Suárez Díaz', 'firstname': 'Luis Alberto', 'lastname': 'Suárez Díaz', 'nationality': 'Uruguay', 'birthdate': '24/01/1987', 'birthcountry': 'Uruguay', 'birthplace': 'Salto', 'height': '182 cm', 'weight': '86 kg', 'image_path': 'https://cdn.sportmonks.com/images/soccer/players/19/947.png', 'team': {'data': {'id': 828, 'legacy_id': 254, 'name': 'Nacional', 'short_code': None, 'twitter': None, 'country_id': 158, 'national_team': False, 'founded': 1899, 'logo_path': 'https://cdn.sportmonks.com/images/soccer/teams/28/828.png', 'venue_id': 285, 'current_season_id': 19421, 'is_placeholder': False}}}}"
19,892,220040,18720,1727,1,0,goals,"{'data': {'player_id': 220040, 'team_id': 13, 'country_id': 353, 'position_id': 2, 'common_name': 'Y. Mina González', 'display_name': 'Yerry Mina', 'fullname': 'Yerry Fernando Mina González', 'firstname': 'Yerry Fernando', 'lastname': 'Mina González', 'nationality': 'Colombia', 'birthdate': '23/09/1994', 'birthcountry': 'Colombia', 'birthplace': 'Guachené', 'height': '195 cm', 'weight': '94 kg', 'image_path': 'https://cdn.sportmonks.com/images/soccer/players/8/220040.png', 'team': {'data': {'id': 13, 'legacy_id': 165, 'name': 'Everton', 'short_code': 'EVE', 'twitter': '@Everton', 'country_id': 462, 'national_team': False, 'founded': 1878, 'logo_path': 'https://cdn.sportmonks.com/images/soccer/teams/13/13.png', 'venue_id': 12, 'current_season_id': 19734, 'is_placeholder': False}}}}"
19,892,1359,18644,1733,1,0,goals,"{'data': {'player_id': 1359, 'team_id': None, 'country_id': 44, 'position_id': 4, 'common_name': 'S. Agüero del Castillo', 'display_name': 'Sergio Agüero', 'fullname': 'Sergio Leonel Agüero del Castillo', 'firstname': 'Sergio Leonel', 'lastname': 'Agüero del Castillo', 'nationality': 'Argentina', 'birthdate': '02/06/1988', 'birthcountry': 'Argentina', 'birthplace': 'Quilmes', 'height': '173 cm', 'weight': '70 kg', 'image_path': 'https://cdn.sportmonks.com/images/soccer/players/15/1359.png'}}"
20,892,35574,18647,1727,1,0,goals,"{'data': {'player_id': 35574, 'team_id': 503, 'country_id': 17, 'position_id': 2, 'common_name': 'B. Pavard', 'display_name': 'Benjamin Pavard', 'fullname': 'Benjamin Pavard', 'firstname': 'Benjamin', 'lastname': 'Pavard', 'nationality': 'France', 'birthdate': '28/03/1996', 'birthcountry': 'France', 'birthplace': 'Maubeuge', 'height': '186 cm', 'weight': '76 kg', 'image_path': 'https://cdn.sportmonks.com/images/soccer/players/22/35574.png', 'team': {'data': {'id': 503, 'legacy_id': 39, 'name': 'FC Bayern München', 'short_code': 'BAY', 'twitter': '@FCBayern', 'country_id': 11, 'national_team': False, 'founded': 1900, 'logo_path': 'https://cdn.sportmonks.com/images/soccer/teams/23/503.png', 'venue_id': 53, 'current_season_id': 19744, 'is_placeholder': False}}}}"
20,892,303410,18562,1733,1,0,goals,"{'data': {'player_id': 303410, 'team_id': 7011, 'country_id': 35376, 'position_id': 3, 'common_name': 'S. Al Dawsari', 'display_name': 'Salem Al Dawsari', 'fullname': 'Salem Mohammed Al Dawsari', 'firstname': 'Salem Mohammed', 'lastname': 'Al Dawsari', 'nationality': 'Saudi Arabia', 'birthdate': '19/08/1991', 'birthcountry': 'Saudi Arabia', 'birthplace': 'Jeddah', 'height': '171 cm', 'weight': '72 kg', 'image_path': 'https://cdn.sportmonks.com/images/soccer/players/18/303410.png', 'team': {'data': {'id': 7011, 'legacy_id': 1703, 'name': 'Al Hilal', 'short_code': 'ALH', 'twitter': None, 'country_id': 35376, 'national_team': False, 'founded': 1957, 'logo_path': 'https://cdn.sportmonks.com/images/soccer/teams/3/7011.png', 'venue_id': 1503, 'current_season_id': 20310, 'is_placeholder': False}}}}"
21,892,915,18743,1727,1,0,goals,"{'data': {'player_id': 915, 'team_id': 2555, 'country_id': 556, 'position_id': 2, 'common_name': 'J. Vertonghen', 'display_name': 'Jan Vertonghen', 'fullname': 'Jan Vertonghen', 'firstname': 'Jan', 'lastname': 'Vertonghen', 'nationality': 'Belgium', 'birthdate': '24/04/1987', 'birthcountry': 'Belgium', 'birthplace': 'Sint-Niklaas', 'height': '189 cm', 'weight': '86 kg', 'image_path': 'https://cdn.sportmonks.com/images/soccer/players/19/915.png', 'team': {'data': {'id': 2555, 'legacy_id': 125, 'name': 'Anderlecht', 'short_code': 'ADL', 'twitter': '@rscanderlecht', 'country_id': 556, 'national_team': False, 'founded': 1908, 'logo_path': 'https://cdn.sportmonks.com/images/soccer/teams/27/2555.png', 'venue_id': 1528, 'current_season_id': 19785, 'is_placeholder': False}}}}"
21,892,302989,18562,1733,1,1,goals,"{'data': {'player_id': 302989, 'team_id': 7011, 'country_id': 35376, 'position_id': 3, 'common_name': 'S. Al Faraj', 'display_name': 'Salman Al Faraj', 'fullname': 'Salman Mohammed Al Faraj', 'firstname': 'Salman Mohammed', 'lastname': 'Al Faraj', 'nationality': 'Saudi Arabia', 'birthdate': '01/08/1989', 'birthcountry': 'Saudi Arabia', 'birthplace': 'Medina', 'height': '175 cm', 'weight': '69 kg', 'image_path': 'https://cdn.sportmonks.com/images/soccer/players/13/302989.png', 'team': {'data': {'id': 7011, 'legacy_id': 1703, 'name': 'Al Hilal', 'short_code': 'ALH', 'twitter': None, 'country_id': 35376, 'national_team': False, 'founded': 1957, 'logo_path': 'https://cdn.sportmonks.com/images/soccer/teams/3/7011.png', 'venue_id': 1503, 'current_season_id': 20310, 'is_placeholder': False}}}}"
22,892,185972,18710,1733,1,0,goals,"{'data': {'player_id': 185972, 'team_id': 676, 'country_id': 32, 'position_id': 3, 'common_name': 'F. Alarcón Suárez', 'display_name': 'Isco', 'fullname': 'Francisco Román Alarcón Suárez', 'firstname': 'Francisco Román', 'lastname': 'Alarcón Suárez', 'nationality': 'Spain', 'birthdate': '21/04/1992', 'birthcountry': 'Spain', 'birthplace': 'Benalmádena', 'height': '176 cm', 'weight': '79 kg', 'image_path': 'https://cdn.sportmonks.com/images/soccer/players/20/185972.png', 'team': {'data': {'id': 676, 'legacy_id': 162, 'name': 'Sevilla', 'short_code': 'SEV', 'twitter': '@SevillaFC', 'country_id': 32, 'national_team': False, 'founded': 1890, 'logo_path': 'https://cdn.sportmonks.com/images/soccer/teams/4/676.png', 'venue_id': 177, 'current_season_id': 19799, 'is_placeholder': False}}}}"
23,892,4035,18701,1733,1,0,goals,"{'data': {'player_id': 4035, 'team_id': None, 'country_id': 20, 'position_id': 3, 'common_name': 'R. Andrade Quaresma Bernardo', 'display_name': 'Ricardo Quaresma', 'fullname': 'Ricardo Andrade Quaresma Bernardo', 'firstname': 'Ricardo', 'lastname': 'Andrade Quaresma Bernardo', 'nationality': 'Portugal', 'birthdate': '26/09/1983', 'birthcountry': 'Portugal', 'birthplace': 'Lisboa', 'height': '175 cm', 'weight': '67 kg', 'image_path': 'https://cdn.sportmonks.com/images/soccer/players/3/4035.png'}}"
24,892,109126,18652,1733,1,1,goals,"{'data': {'player_id': 109126, 'team_id': 368, 'country_id': 488, 'position_id': 4, 'common_name': 'K. Ansarifard', 'display_name': 'Karim Ansarifard', 'fullname': 'Karim Ansarifard', 'firstname': 'Karim', 'lastname': 'Ansarifard', 'nationality': 'Iran', 'birthdate': '03/04/1990', 'birthcountry': 'Iran', 'birthplace': 'Ardabil', 'height': '181 cm', 'weight': '77 kg', 'image_path': 'https://cdn.sportmonks.com/images/soccer/players/6/109126.png', 'team': {'data': {'id': 368, 'legacy_id': 1892, 'name': 'Omonia Nicosia', 'short_code': 'OMO', 'twitter': None, 'country_id': 116, 'national_team': False, 'founded': 1948, 'logo_path': 'https://cdn.sportmonks.com/images/soccer/teams/16/368.png', 'venue_id': 1553, 'current_season_id': 19926, 'is_placeholder': False}}}}"
25,892,800,18710,1733,1,0,goals,"{'data': {'player_id': 800, 'team_id': 36, 'country_id': 32, 'position_id': 4, 'common_name': 'I. Aspas Juncal', 'display_name': 'Iago Aspas', 'fullname': 'Iago Aspas Juncal', 'firstname': 'Iago', 'lastname': 'Aspas Juncal', 'nationality': 'Spain', 'birthdate': '01/08/1987', 'birthcountry': 'Spain', 'birthplace': 'Moaña', 'height': '176 cm', 'weight': '67 kg', 'image_path': 'https://cdn.sportmonks.com/images/soccer/players/0/800.png', 'team': {'data': {'id': 36, 'legacy_id': 290, 'name': 'Celta de Vigo', 'short_code': 'CLV', 'twitter': '@RCCelta', 'country_id': 32, 'national_team': False, 'founded': 1923, 'logo_path': 'https://cdn.sportmonks.com/images/soccer/teams/4/36.png', 'venue_id': 9239, 'current_season_id': 19799, 'is_placeholder': False}}}}"
26,892,84462,18564,1733,1,0,goals,"{'data': {'player_id': 84462, 'team_id': 15, 'country_id': 47, 'position_id': 2, 'common_name': 'L. Augustinsson', 'display_name': 'Ludwig Augustinsson', 'fullname': 'Ludwig Augustinsson', 'firstname': 'Ludwig', 'lastname': 'Augustinsson', 'nationality': 'Sweden', 'birthdate': '21/04/1994', 'birthcountry': 'Sweden', 'birthplace': 'Stockholm', 'height': '181 cm', 'weight': '76 kg', 'image_path': 'https://cdn.sportmonks.com/images/soccer/players/14/84462.png', 'team': {'data': {'id': 15, 'legacy_id': 386, 'name': 'Aston Villa', 'short_code': 'AVA', 'twitter': '@AVFCOfficial', 'country_id': 462, 'national_team': False, 'founded': 1874, 'logo_path': 'https://cdn.sportmonks.com/images/soccer/teams/15/15.png', 'venue_id': 5, 'current_season_id': 19734, 'is_placeholder': False}}}}"
27,892,31670,18588,1733,1,0,goals,"{'data': {'player_id': 31670, 'team_id': 102, 'country_id': 266, 'position_id': 3, 'common_name': 'M. Badelj', 'display_name': 'Milan Badelj', 'fullname': 'Milan Badelj', 'firstname': 'Milan', 'lastname': 'Badelj', 'nationality': 'Croatia', 'birthdate': '25/02/1989', 'birthcountry': 'Croatia', 'birthplace': 'Zagreb', 'height': '186 cm', 'weight': '76 kg', 'image_path': 'https://cdn.sportmonks.com/images/soccer/players/22/31670.png', 'team': {'data': {'id': 102, 'legacy_id': 324, 'name': 'Genoa', 'short_code': 'GEN', 'twitter': '@GenoaCFC', 'country_id': 251, 'national_team': False, 'founded': 1893, 'logo_path': 'https://cdn.sportmonks.com/images/soccer/teams/6/102.png', 'venue_id': 86, 'current_season_id': 20080, 'is_placeholder': False}}}}"
28,892,238338,18717,1733,1,0,goals,"{'data': {'player_id': 238338, 'team_id': None, 'country_id': 65437, 'position_id': 2, 'common_name': 'F. Baloy Ramírez', 'display_name': 'Felipe Baloy', 'fullname': 'Felipe Abdiel Baloy Ramírez', 'firstname': 'Felipe Abdiel', 'lastname': 'Baloy Ramírez', 'nationality': 'Panama', 'birthdate': '24/02/1981', 'birthcountry': 'Panama', 'birthplace': 'Ciudad de Panamá', 'height': '184 cm', 'weight': '92 kg', 'image_path': 'https://cdn.sportmonks.com/images/soccer/players/2/238338.png'}}"
29,892,1921,18743,1733,1,0,goals,"{'data': {'player_id': 1921, 'team_id': 88, 'country_id': 556, 'position_id': 4, 'common_name': 'M. Batshuayi Tunga', 'display_name': 'Michy Batshuayi', 'fullname': 'Michy Batshuayi Tunga', 'firstname': 'Michy', 'lastname': 'Batshuayi Tunga', 'nationality': 'Belgium', 'birthdate': '02/10/1993', 'birthcountry': 'Belgium', 'birthplace': 'Brussel', 'height': '184 cm', 'weight': '74 kg', 'image_path': 'https://cdn.sportmonks.com/images/soccer/players/1/1921.png', 'team': {'data': {'id': 88, 'legacy_id': 537, 'name': 'Fenerbahçe', 'short_code': 'FEN', 'twitter': '@Fenerbahce', 'country_id': 404, 'national_team': False, 'founded': 1907, 'logo_path': 'https://cdn.sportmonks.com/images/soccer/teams/24/88.png', 'venue_id': 9695, 'current_season_id': 19900, 'is_placeholder': False}}}}"
30,892,155138,18699,1733,1,0,goals,"{'data': {'player_id': 155138, 'team_id': 15, 'country_id': 2, 'position_id': 2, 'common_name': 'J. Bednarek', 'display_name': 'Jan Bednarek', 'fullname': 'Jan Bednarek', 'firstname': 'Jan', 'lastname': 'Bednarek', 'nationality': 'Poland', 'birthdate': '12/04/1996', 'birthcountry': 'Poland', 'birthplace': 'Słupca', 'height': '189 cm', 'weight': '77 kg', 'image_path': 'https://cdn.sportmonks.com/images/soccer/players/2/155138.png', 'team': {'data': {'id': 15, 'legacy_id': 386, 'name': 'Aston Villa', 'short_code': 'AVA', 'twitter': '@AVFCOfficial', 'country_id': 462, 'national_team': False, 'founded': 1874, 'logo_path': 'https://cdn.sportmonks.com/images/soccer/teams/15/15.png', 'venue_id': 5, 'current_season_id': 19734, 'is_placeholder': False}}}}"
31,892,97708,18554,1733,1,0,goals,"{'data': {'player_id': 97708, 'team_id': 16496, 'country_id': 1439, 'position_id': 4, 'common_name': 'F. Ben Youssef', 'display_name': 'Fakhreddine Ben Youssef', 'fullname': 'Fakhreddine Ben Youssef', 'firstname': 'Fakhreddine', 'lastname': 'Ben Youssef', 'nationality': 'Tunisia', 'birthdate': '23/06/1991', 'birthcountry': 'Tunisia', 'birthplace': None, 'height': '189 cm', 'weight': '80 kg', 'image_path': 'https://cdn.sportmonks.com/images/soccer/placeholder.png', 'team': {'data': {'id': 16496, 'legacy_id': None, 'name': 'Pyramids FC', 'short_code': None, 'twitter': None, 'country_id': 886, 'national_team': False, 'founded': 0, 'logo_path': 'https://cdn.sportmonks.com/images/soccer/teams/16/16496.png', 'venue_id': 6170, 'current_season_id': 19346, 'is_placeholder': False}}}}"
32,892,1349,18704,1733,1,0,goals,"{'data': {'player_id': 1349, 'team_id': 303, 'country_id': 5, 'position_id': 3, 'common_name': 'J. Bezzera Maciel Júnior', 'display_name': 'Paulinho', 'fullname': 'José Paulo Bezzera Maciel Júnior', 'firstname': 'José Paulo', 'lastname': 'Bezzera Maciel Júnior', 'nationality': 'Brazil', 'birthdate': '25/07/1988', 'birthcountry': 'Brazil', 'birthplace': 'São Paulo', 'height': '181 cm', 'weight': '81 kg', 'image_path': 'https://cdn.sportmonks.com/images/soccer/players/5/1349.png', 'team': {'data': {'id': 303, 'legacy_id': 789, 'name': 'Corinthians', 'short_code': 'CTH', 'twitter': None, 'country_id': 5, 'national_team': False, 'founded': 1910, 'logo_path': 'https://cdn.sportmonks.com/images/soccer/teams/15/303.png', 'venue_id': 10494, 'current_season_id': 19434, 'is_placeholder': False}}}}"
33,892,96550,18551,1733,1,0,goals,"{'data': {'player_id': 96550, 'team_id': 4508, 'country_id': 1424, 'position_id': 4, 'common_name': 'K. Boutaïb', 'display_name': 'Khalid Boutaïb', 'fullname': 'Khalid Boutaïb', 'firstname': 'Khalid', 'lastname': 'Boutaïb', 'nationality': 'Morocco', 'birthdate': '24/04/1987', 'birthcountry': 'France', 'birthplace': 'Bagnols-sur-Cèze', 'height': '189 cm', 'weight': '82 kg', 'image_path': 'https://cdn.sportmonks.com/images/soccer/placeholder.png', 'team': {'data': {'id': 4508, 'legacy_id': 587, 'name': 'Paris', 'short_code': None, 'twitter': None, 'country_id': 17, 'national_team': False, 'founded': 1969, 'logo_path': 'https://cdn.sportmonks.com/images/soccer/teams/28/4508.png', 'venue_id': 2693, 'current_season_id': 19746, 'is_placeholder': False}}}}"
34,892,99064,18554,1733,1,0,goals,"{'data': {'player_id': 99064, 'team_id': 7743, 'country_id': 1439, 'position_id': 2, 'common_name': 'D. Bronn', 'display_name': 'Dylan Bronn', 'fullname': 'Dylan Bronn', 'firstname': 'Dylan', 'lastname': 'Bronn', 'nationality': 'Tunisia', 'birthdate': '19/06/1995', 'birthcountry': 'France', 'birthplace': 'Cannes', 'height': '186 cm', 'weight': '77 kg', 'image_path': 'https://cdn.sportmonks.com/images/soccer/players/24/99064.png', 'team': {'data': {'id': 7743, 'legacy_id': 2540, 'name': 'Salernitana', 'short_code': 'SAL', 'twitter': '@OfficialUSS1919', 'country_id': 251, 'national_team': False, 'founded': 2011, 'logo_path': 'https://cdn.sportmonks.com/images/soccer/teams/31/7743.png', 'venue_id': 5026, 'current_season_id': 19806, 'is_placeholder': False}}}}"
35,892,159120,18775,1733,1,0,goals,"{'data': {'player_id': 159120, 'team_id': 7011, 'country_id': 338, 'position_id': 3, 'common_name': 'A. Carrillo Díaz', 'display_name': 'André Carrillo', 'fullname': 'André Martín Carrillo Díaz', 'firstname': 'André Martín', 'lastname': 'Carrillo Díaz', 'nationality': 'Peru', 'birthdate': '14/06/1991', 'birthcountry': 'Peru', 'birthplace': 'Lima', 'height': '180 cm', 'weight': '75 kg', 'image_path': 'https://cdn.sportmonks.com/images/soccer/players/16/159120.png', 'team': {'data': {'id': 7011, 'legacy_id': 1703, 'name': 'Al Hilal', 'short_code': 'ALH', 'twitter': None, 'country_id': 35376, 'national_team': False, 'founded': 1957, 'logo_path': 'https://cdn.sportmonks.com/images/soccer/teams/3/7011.png', 'venue_id': 1503, 'current_season_id': 20310, 'is_placeholder': False}}}}"
36,892,96088,15251,1733,1,0,goals,"{'data': {'player_id': 96088, 'team_id': 214, 'country_id': 158, 'position_id': 4, 'common_name': 'E. Cavani', 'display_name': 'Edinson Cavani', 'fullname': 'Edinson Roberto Cavani Gómez', 'firstname': 'Edinson Roberto', 'lastname': 'Cavani Gómez', 'nationality': 'Uruguay', 'birthdate': '14/02/1987', 'birthcountry': 'Uruguay', 'birthplace': 'Salto', 'height': '184 cm', 'weight': '71 kg', 'image_path': 'https://cdn.sportmonks.com/images/soccer/players/24/96088.png', 'team': {'data': {'id': 214, 'legacy_id': 287, 'name': 'Valencia', 'short_code': 'VAL', 'twitter': '@valenciacf', 'country_id': 32, 'national_team': False, 'founded': 1919, 'logo_path': 'https://cdn.sportmonks.com/images/soccer/teams/22/214.png', 'venue_id': 9240, 'current_season_id': 19799, 'is_placeholder': False}}}}"
37,892,4233,18720,1733,1,0,goals,"{'data': {'player_id': 4233, 'team_id': 625, 'country_id': 353, 'position_id': 3, 'common_name': 'J. Cuadrado Bello', 'display_name': 'Juan Cuadrado', 'fullname': 'Juan Guillermo Cuadrado Bello', 'firstname': 'Juan Guillermo', 'lastname': 'Cuadrado Bello', 'nationality': 'Colombia', 'birthdate': '26/05/1988', 'birthcountry': 'Colombia', 'birthplace': 'Necoclí', 'height': '179 cm', 'weight': '72 kg', 'image_path': 'https://cdn.sportmonks.com/images/soccer/players/9/4233.png', 'team': {'data': {'id': 625, 'legacy_id': 114, 'name': 'Juventus', 'short_code': 'JUV', 'twitter': '@juventusfc', 'country_id': 251, 'national_team': False, 'founded': 1897, 'logo_path': 'https://cdn.sportmonks.com/images/soccer/teams/17/625.png', 'venue_id': 118500, 'current_season_id': 19806, 'is_placeholder': False}}}}"
38,892,95792,18704,1733,1,0,goals,"{'data': {'player_id': 95792, 'team_id': 18, 'country_id': 5, 'position_id': 2, 'common_name': 'T. da Silva', 'display_name': 'Thiago Silva', 'fullname': 'Thiago Emiliano da Silva', 'firstname': 'Thiago Emiliano', 'lastname': 'da Silva', 'nationality': 'Brazil', 'birthdate': '22/09/1984', 'birthcountry': 'Brazil', 'birthplace': 'Rio de Janeiro', 'height': '183 cm', 'weight': '79 kg', 'image_path': 'https://cdn.sportmonks.com/images/soccer/players/16/95792.png', 'team': {'data': {'id': 18, 'legacy_id': 133, 'name': 'Chelsea', 'short_code': 'CHE', 'twitter': '@ChelseaFC', 'country_id': 462, 'national_team': False, 'founded': 1905, 'logo_path': 'https://cdn.sportmonks.com/images/soccer/teams/18/18.png', 'venue_id': 321614, 'current_season_id': 19734, 'is_placeholder': False}}}}"
39,892,186320,18704,1733,1,0,goals,"{'data': {'player_id': 186320, 'team_id': 591, 'country_id': 5, 'position_id': 4, 'common_name': 'N. da Silva Santos Junior', 'display_name': 'Neymar', 'fullname': 'Neymar da Silva Santos Junior', 'firstname': 'Neymar', 'lastname': 'da Silva Santos Junior', 'nationality': 'Brazil', 'birthdate': '05/02/1992', 'birthcountry': 'Brazil', 'birthplace': 'Mogi das Cruzes', 'height': '175 cm', 'weight': '68 kg', 'image_path': 'https://cdn.sportmonks.com/images/soccer/players/16/186320.png', 'team': {'data': {'id': 591, 'legacy_id': 131, 'name': 'Paris Saint Germain', 'short_code': 'PSG', 'twitter': '@PSG_inside', 'country_id': 17, 'national_team': False, 'founded': 1970, 'logo_path': 'https://cdn.sportmonks.com/images/soccer/teams/15/591.png', 'venue_id': 131, 'current_season_id': 19745, 'is_placeholder': False}}}}"
40,892,992,18583,1733,1,0,goals,"{'data': {'player_id': 992, 'team_id': 14, 'country_id': 320, 'position_id': 3, 'common_name': 'C. Dannemann Eriksen', 'display_name': 'Christian Eriksen', 'fullname': 'Christian Dannemann Eriksen', 'firstname': 'Christian', 'lastname': 'Dannemann Eriksen', 'nationality': 'Denmark', 'birthdate': '14/02/1992', 'birthcountry': 'Denmark', 'birthplace': 'Middelfart', 'height': '175 cm', 'weight': '71 kg', 'image_path': 'https://cdn.sportmonks.com/images/soccer/players/0/992.png', 'team': {'data': {'id': 14, 'legacy_id': 375, 'name': 'Manchester United', 'short_code': 'MUN', 'twitter': '@ManUtd', 'country_id': 462, 'national_team': False, 'founded': 1878, 'logo_path': 'https://cdn.sportmonks.com/images/soccer/teams/14/14.png', 'venue_id': 206, 'current_season_id': 19734, 'is_placeholder': False}}}}"
41,892,31771,18708,1733,1,0,goals,"{'data': {'player_id': 31771, 'team_id': 674, 'country_id': 62, 'position_id': 4, 'common_name': 'J. Drmic', 'display_name': 'Josip Drmić', 'fullname': 'Josip Drmic', 'firstname': 'Josip', 'lastname': 'Drmic', 'nationality': 'Switzerland', 'birthdate': '08/08/1992', 'birthcountry': 'Switzerland', 'birthplace': 'Freienbach', 'height': '183 cm', 'weight': '81 kg', 'image_path': 'https://cdn.sportmonks.com/images/soccer/players/27/31771.png', 'team': {'data': {'id': 674, 'legacy_id': 153, 'name': 'Dinamo Zagreb', 'short_code': 'DZG', 'twitter': None, 'country_id': 266, 'national_team': False, 'founded': 1911, 'logo_path': 'https://cdn.sportmonks.com/images/soccer/teams/2/674.png', 'venue_id': 176, 'current_season_id': 19709, 'is_placeholder': False}}}}"
42,892,128566,18708,1733,1,0,goals,"{'data': {'player_id': 128566, 'team_id': 389, 'country_id': 62, 'position_id': 3, 'common_name': 'B. Džemaili', 'display_name': 'Blerim Džemaili', 'fullname': 'Blerim Džemaili', 'firstname': 'Blerim', 'lastname': 'Džemaili', 'nationality': 'Switzerland', 'birthdate': '12/04/1986', 'birthcountry': 'North Macedonia', 'birthplace': 'Tetovo', 'height': '179 cm', 'weight': '73 kg', 'image_path': 'https://cdn.sportmonks.com/images/soccer/players/22/128566.png', 'team': {'data': {'id': 389, 'legacy_id': 141, 'name': 'Zürich', 'short_code': 'ZUR', 'twitter': None, 'country_id': 62, 'national_team': False, 'founded': 1896, 'logo_path': 'https://cdn.sportmonks.com/images/soccer/teams/5/389.png', 'venue_id': 1688, 'current_season_id': 19748, 'is_placeholder': False}}}}"
43,892,186982,18551,1733,1,0,goals,"{'data': {'player_id': 186982, 'team_id': 676, 'country_id': 1424, 'position_id': 4, 'common_name': 'Y. En-Nesyri', 'display_name': 'Youssef En-Nesyri', 'fullname': 'Youssef En-Nesyri', 'firstname': 'Youssef', 'lastname': 'En-Nesyri', 'nationality': 'Morocco', 'birthdate': '01/06/1997', 'birthcountry': 'Morocco', 'birthplace': 'Fès', 'height': '189 cm', 'weight': '73 kg', 'image_path': 'https://cdn.sportmonks.com/images/soccer/players/6/186982.png', 'team': {'data': {'id': 676, 'legacy_id': 162, 'name': 'Sevilla', 'short_code': 'SEV', 'twitter': '@SevillaFC', 'country_id': 32, 'national_team': False, 'founded': 1890, 'logo_path': 'https://cdn.sportmonks.com/images/soccer/teams/4/676.png', 'venue_id': 177, 'current_season_id': 19799, 'is_placeholder': False}}}}"
44,892,186353,18710,1733,1,0,goals,"{'data': {'player_id': 186353, 'team_id': 3468, 'country_id': 32, 'position_id': 2, 'common_name': 'N. Fernández', 'display_name': 'Nacho', 'fullname': 'José Ignacio Fernández Iglesias', 'firstname': 'José Ignacio', 'lastname': 'Fernández Iglesias', 'nationality': 'Spain', 'birthdate': '18/01/1990', 'birthcountry': 'Spain', 'birthplace': 'Madrid', 'height': '180 cm', 'weight': '76 kg', 'image_path': 'https://cdn.sportmonks.com/images/soccer/players/17/186353.png', 'team': {'data': {'id': 3468, 'legacy_id': 117, 'name': 'Real Madrid', 'short_code': 'RMA', 'twitter': '@realmadrid', 'country_id': 32, 'national_team': False, 'founded': 1902, 'logo_path': 'https://cdn.sportmonks.com/images/soccer/teams/12/3468.png', 'venue_id': 2020, 'current_season_id': 19799, 'is_placeholder': False}}}}"
45,892,24279,18635,1733,1,0,goals,"{'data': {'player_id': 24279, 'team_id': 2650, 'country_id': 1796, 'position_id': 4, 'common_name': 'A. Finnbogason', 'display_name': 'Alfreð Finnbogason', 'fullname': 'Alfreð Finnbogason', 'firstname': 'Alfreð', 'lastname': 'Finnbogason', 'nationality': 'Iceland', 'birthdate': '01/02/1989', 'birthcountry': 'Iceland', 'birthplace': 'Reykjavík', 'height': '184 cm', 'weight': '80 kg', 'image_path': 'https://cdn.sportmonks.com/images/soccer/players/23/24279.png', 'team': {'data': {'id': 2650, 'legacy_id': 627, 'name': 'Lyngby', 'short_code': 'LBB', 'twitter': None, 'country_id': 320, 'national_team': False, 'founded': 1921, 'logo_path': 'https://cdn.sportmonks.com/images/soccer/teams/26/2650.png', 'venue_id': 1576, 'current_season_id': 19686, 'is_placeholder': False}}}}"
46,892,1318,18720,1733,1,0,goals,"{'data': {'player_id': 1318, 'team_id': 377, 'country_id': 353, 'position_id': 4, 'common_name': 'R. García Zárate', 'display_name': 'Radamel Falcao', 'fullname': 'Radamel Falcao García Zárate', 'firstname': 'Radamel Falcao', 'lastname': 'García Zárate', 'nationality': 'Colombia', 'birthdate': '10/02/1986', 'birthcountry': 'Colombia', 'birthplace': 'Santa Marta', 'height': '177 cm', 'weight': '72 kg', 'image_path': 'https://cdn.sportmonks.com/images/soccer/players/6/1318.png', 'team': {'data': {'id': 377, 'legacy_id': 292, 'name': 'Rayo Vallecano', 'short_code': 'RAY', 'twitter': None, 'country_id': 32, 'national_team': False, 'founded': 1924, 'logo_path': 'https://cdn.sportmonks.com/images/soccer/teams/25/377.png', 'venue_id': 304396, 'current_season_id': 19799, 'is_placeholder': False}}}}"
47,892,169941,18702,1733,1,0,goals,"{'data': {'player_id': 169941, 'team_id': 2686, 'country_id': 227, 'position_id': 3, 'common_name': 'Y. Gazinskiy', 'display_name': 'Yuri Gazinskiy', 'fullname': 'Yury Gazinskiy', 'firstname': 'Yury', 'lastname': 'Gazinskiy', 'nationality': 'Russia', 'birthdate': '20/07/1989', 'birthcountry': 'Russia', 'birthplace': 'Komsomolsk-na-Amure', 'height': '184 cm', 'weight': '75 kg', 'image_path': 'https://cdn.sportmonks.com/images/soccer/players/21/169941.png', 'team': {'data': {'id': 2686, 'legacy_id': 509, 'name': 'Ural', 'short_code': 'FCU', 'twitter': None, 'country_id': 227, 'national_team': False, 'founded': 1930, 'logo_path': 'https://cdn.sportmonks.com/images/soccer/teams/30/2686.png', 'venue_id': 275980, 'current_season_id': 19781, 'is_placeholder': False}}}}"
48,892,186514,15251,1733,1,0,goals,"{'data': {'player_id': 186514, 'team_id': 7980, 'country_id': 158, 'position_id': 2, 'common_name': 'J. Giménez de Vargas', 'display_name': 'José Giménez', 'fullname': 'José María Giménez de Vargas', 'firstname': 'José María', 'lastname': 'Giménez de Vargas', 'nationality': 'Uruguay', 'birthdate': '20/01/1995', 'birthcountry': 'Uruguay', 'birthplace': 'Toledo', 'height': '185 cm', 'weight': '80 kg', 'image_path': 'https://cdn.sportmonks.com/images/soccer/players/18/186514.png', 'team': {'data': {'id': 7980, 'legacy_id': 113, 'name': 'Atlético Madrid', 'short_code': 'ATM', 'twitter': '@Atleti', 'country_id': 32, 'national_team': False, 'founded': 1903, 'logo_path': 'https://cdn.sportmonks.com/images/soccer/teams/12/7980.png', 'venue_id': 140808, 'current_season_id': 19799, 'is_placeholder': False}}}}"
49,892,170199,18702,1733,1,0,goals,"{'data': {'player_id': 170199, 'team_id': 6789, 'country_id': 227, 'position_id': 3, 'common_name': 'A. Golovin', 'display_name': 'Aleksandr Golovin', 'fullname': 'Aleksandr Golovin', 'firstname': 'Aleksandr', 'lastname': 'Golovin', 'nationality': 'Russia', 'birthdate': '30/05/1996', 'birthcountry': 'Russia', 'birthplace': 'Kaltan', 'height': '180 cm', 'weight': '69 kg', 'image_path': 'https://cdn.sportmonks.com/images/soccer/players/23/170199.png', 'team': {'data': {'id': 6789, 'legacy_id': 121, 'name': 'Monaco', 'short_code': 'AMO', 'twitter': '@AS_Monaco', 'country_id': 75285, 'national_team': False, 'founded': 1919, 'logo_path': 'https://cdn.sportmonks.com/images/soccer/teams/5/6789.png', 'venue_id': 4451, 'current_season_id': 19745, 'is_placeholder': False}}}}"
50,892,185658,18647,1733,1,1,goals,"{'data': {'player_id': 185658, 'team_id': 7980, 'country_id': 17, 'position_id': 4, 'common_name': 'A. Griezmann', 'display_name': 'Antoine Griezmann', 'fullname': 'Antoine Griezmann', 'firstname': 'Antoine', 'lastname': 'Griezmann', 'nationality': 'France', 'birthdate': '21/03/1991', 'birthcountry': 'France', 'birthplace': 'Mâcon', 'height': '176 cm', 'weight': '73 kg', 'image_path': 'https://cdn.sportmonks.com/images/soccer/players/26/185658.png', 'team': {'data': {'id': 7980, 'legacy_id': 113, 'name': 'Atlético Madrid', 'short_code': 'ATM', 'twitter': '@Atleti', 'country_id': 32, 'national_team': False, 'founded': 1903, 'logo_path': 'https://cdn.sportmonks.com/images/soccer/teams/12/7980.png', 'venue_id': 140808, 'current_season_id': 19799, 'is_placeholder': False}}}}"
51,892,29748,18775,1733,1,0,goals,"{'data': {'player_id': 29748, 'team_id': 6468, 'country_id': 338, 'position_id': 4, 'common_name': 'J. Guerrero González', 'display_name': 'Paolo Guerrero', 'fullname': 'José Paolo Guerrero González', 'firstname': 'José Paolo', 'lastname': 'Guerrero González', 'nationality': 'Peru', 'birthdate': '01/01/1984', 'birthcountry': 'Peru', 'birthplace': 'Lima', 'height': '185 cm', 'weight': '82 kg', 'image_path': 'https://cdn.sportmonks.com/images/soccer/players/20/29748.png', 'team': {'data': {'id': 6468, 'legacy_id': 1200, 'name': 'Avaí', 'short_code': 'AVA', 'twitter': None, 'country_id': 5, 'national_team': False, 'founded': 1923, 'logo_path': 'https://cdn.sportmonks.com/images/soccer/teams/4/6468.png', 'venue_id': 4190, 'current_season_id': 19434, 'is_placeholder': False}}}}"
52,892,736,18576,1733,1,0,goals,"{'data': {'player_id': 736, 'team_id': 413, 'country_id': 458, 'position_id': 4, 'common_name': 'J. Hernández Balcázar', 'display_name': 'Javier Hernández', 'fullname': 'Javier Hernández Balcázar', 'firstname': 'Javier', 'lastname': 'Hernández Balcázar', 'nationality': 'Mexico', 'birthdate': '01/06/1988', 'birthcountry': 'Mexico', 'birthplace': 'Guadalajara', 'height': '175 cm', 'weight': '73 kg', 'image_path': 'https://cdn.sportmonks.com/images/soccer/players/0/736.png', 'team': {'data': {'id': 413, 'legacy_id': 2813, 'name': 'LA Galaxy', 'short_code': 'LAG', 'twitter': None, 'country_id': 3483, 'national_team': False, 'founded': 1995, 'logo_path': 'https://cdn.sportmonks.com/images/soccer/teams/29/413.png', 'venue_id': 338706, 'current_season_id': 19137, 'is_placeholder': False}}}}"
53,892,23905,18597,1733,1,0,goals,"{'data': {'player_id': 23905, 'team_id': 18840, 'country_id': 479, 'position_id': 9, 'common_name': 'K. Honda', 'display_name': 'Keisuke Honda', 'fullname': 'Keisuke Honda', 'firstname': 'Keisuke', 'lastname': 'Honda', 'nationality': 'Japan', 'birthdate': '13/06/1986', 'birthcountry': 'Japan', 'birthplace': 'Osaka', 'height': '182 cm', 'weight': '74 kg', 'image_path': 'https://cdn.sportmonks.com/images/soccer/players/1/23905.png', 'team': {'data': {'id': 18840, 'legacy_id': 3143, 'name': 'Cambodia', 'short_code': 'CAM', 'twitter': None, 'country_id': 909440, 'national_team': True, 'founded': 1933, 'logo_path': 'https://cdn.sportmonks.com/images/soccer/teams/24/18840.png', 'venue_id': 4195, 'current_season_id': 15917, 'is_placeholder': False}}}}"
54,892,31638,18597,1733,1,0,goals,"{'data': {'player_id': 31638, 'team_id': 3663, 'country_id': 479, 'position_id': 3, 'common_name': 'T. Inui', 'display_name': 'Takashi Inui', 'fullname': 'Takashi Inui', 'firstname': 'Takashi', 'lastname': 'Inui', 'nationality': 'Japan', 'birthdate': '02/06/1988', 'birthcountry': 'Japan', 'birthplace': 'Ōmihachiman', 'height': '169 cm', 'weight': '59 kg', 'image_path': 'https://cdn.sportmonks.com/images/soccer/players/22/31638.png', 'team': {'data': {'id': 3663, 'legacy_id': 2067, 'name': 'Shimizu S-Pulse', 'short_code': 'SHI', 'twitter': None, 'country_id': 479, 'national_team': False, 'founded': 1991, 'logo_path': 'https://cdn.sportmonks.com/images/soccer/teams/15/3663.png', 'venue_id': 13539, 'current_season_id': 19312, 'is_placeholder': False}}}}"
55,892,821,18743,1733,1,0,goals,"{'data': {'player_id': 821, 'team_id': 676, 'country_id': 556, 'position_id': 3, 'common_name': 'A. Januzaj', 'display_name': 'Adnan Januzaj', 'fullname': 'Adnan Januzaj', 'firstname': 'Adnan', 'lastname': 'Januzaj', 'nationality': 'Belgium', 'birthdate': '05/02/1995', 'birthcountry': 'Belgium', 'birthplace': 'Brussel', 'height': '186 cm', 'weight': '76 kg', 'image_path': 'https://cdn.sportmonks.com/images/soccer/players/21/821.png', 'team': {'data': {'id': 676, 'legacy_id': 162, 'name': 'Sevilla', 'short_code': 'SEV', 'twitter': '@SevillaFC', 'country_id': 32, 'national_team': False, 'founded': 1890, 'logo_path': 'https://cdn.sportmonks.com/images/soccer/teams/4/676.png', 'venue_id': 177, 'current_season_id': 19799, 'is_placeholder': False}}}}"
56,892,879,18597,1733,1,1,goals,"{'data': {'player_id': 879, 'team_id': 355, 'country_id': 479, 'position_id': 3, 'common_name': 'S. Kagawa', 'display_name': 'Shinji Kagawa', 'fullname': 'Shinji Kagawa', 'firstname': 'Shinji', 'lastname': 'Kagawa', 'nationality': 'Japan', 'birthdate': '17/03/1989', 'birthcountry': 'Japan', 'birthplace': 'Kobe', 'height': '175 cm', 'weight': '68 kg', 'image_path': 'https://cdn.sportmonks.com/images/soccer/players/15/879.png', 'team': {'data': {'id': 355, 'legacy_id': 95, 'name': 'Sint-Truiden', 'short_code': 'SIT', 'twitter': '@stvv', 'country_id': 556, 'national_team': False, 'founded': 1924, 'logo_path': 'https://cdn.sportmonks.com/images/soccer/teams/3/355.png', 'venue_id': 31494, 'current_season_id': 19785, 'is_placeholder': False}}}}"
57,892,308988,18567,1733,1,0,goals,"{'data': {'player_id': 308988, 'team_id': 5839, 'country_id': 712, 'position_id': 2, 'common_name': 'Y. Kim', 'display_name': 'Kim Young-Gwon', 'fullname': 'Young-Gwon Kim', 'firstname': 'Young-Gwon', 'lastname': 'Kim', 'nationality': 'Korea Republic', 'birthdate': '27/02/1990', 'birthcountry': 'Korea Republic', 'birthplace': 'Jeonju', 'height': '184 cm', 'weight': '74 kg', 'image_path': 'https://cdn.sportmonks.com/images/soccer/players/28/308988.png', 'team': {'data': {'id': 5839, 'legacy_id': None, 'name': 'Ulsan', 'short_code': None, 'twitter': None, 'country_id': 712, 'national_team': False, 'founded': 1983, 'logo_path': 'https://cdn.sportmonks.com/images/soccer/teams/15/5839.png', 'venue_id': 27065, 'current_season_id': 19370, 'is_placeholder': False}}}}"
58,892,248,18873,1733,1,0,goals,"{'data': {'player_id': 248, 'team_id': None, 'country_id': 296, 'position_id': 2, 'common_name': 'A. Kolarov', 'display_name': 'Aleksandar Kolarov', 'fullname': 'Aleksandar Kolarov', 'firstname': 'Aleksandar', 'lastname': 'Kolarov', 'nationality': 'Serbia', 'birthdate': '10/11/1985', 'birthcountry': 'Serbia', 'birthplace': 'Beograd', 'height': '187 cm', 'weight': '83 kg', 'image_path': 'https://cdn.sportmonks.com/images/soccer/players/24/248.png'}}"
59,892,30289,18660,1733,1,0,goals,"{'data': {'player_id': 30289, 'team_id': 3468, 'country_id': 11, 'position_id': 3, 'common_name': 'T. Kroos', 'display_name': 'Toni Kroos', 'fullname': 'Toni Kroos', 'firstname': 'Toni', 'lastname': 'Kroos', 'nationality': 'Germany', 'birthdate': '04/01/1990', 'birthcountry': 'Germany', 'birthplace': 'Greifswald', 'height': '183 cm', 'weight': '76 kg', 'image_path': 'https://cdn.sportmonks.com/images/soccer/players/17/30289.png', 'team': {'data': {'id': 3468, 'legacy_id': 117, 'name': 'Real Madrid', 'short_code': 'RMA', 'twitter': '@realmadrid', 'country_id': 32, 'national_team': False, 'founded': 1902, 'logo_path': 'https://cdn.sportmonks.com/images/soccer/teams/12/3468.png', 'venue_id': 2020, 'current_season_id': 19799, 'is_placeholder': False}}}}"
60,892,95433,18699,1733,1,0,goals,"{'data': {'player_id': 95433, 'team_id': 16184, 'country_id': 2, 'position_id': 3, 'common_name': 'G. Krychowiak', 'display_name': 'Grzegorz Krychowiak', 'fullname': 'Grzegorz Krychowiak', 'firstname': 'Grzegorz', 'lastname': 'Krychowiak', 'nationality': 'Poland', 'birthdate': '29/01/1990', 'birthcountry': 'Poland', 'birthplace': 'Gryfice', 'height': '186 cm', 'weight': '83 kg', 'image_path': 'https://cdn.sportmonks.com/images/soccer/players/9/95433.png', 'team': {'data': {'id': 16184, 'legacy_id': 1704, 'name': 'Al Shabab', 'short_code': None, 'twitter': None, 'country_id': 35376, 'national_team': False, 'founded': 1947, 'logo_path': 'https://cdn.sportmonks.com/images/soccer/teams/24/16184.png', 'venue_id': 338838, 'current_season_id': 20310, 'is_placeholder': False}}}}"
61,892,820,18645,1733,1,0,goals,"{'data': {'player_id': 820, 'team_id': 63, 'country_id': 462, 'position_id': 3, 'common_name': 'J. Lingard', 'display_name': 'Jesse Lingard', 'fullname': 'Jesse Lingard', 'firstname': 'Jesse', 'lastname': 'Lingard', 'nationality': 'England', 'birthdate': '15/12/1992', 'birthcountry': 'England', 'birthplace': 'Warrington', 'height': '175 cm', 'weight': '62 kg', 'image_path': 'https://cdn.sportmonks.com/images/soccer/players/20/820.png', 'team': {'data': {'id': 63, 'legacy_id': 398, 'name': 'Nottingham Forest', 'short_code': 'NTG', 'twitter': '@NFFC', 'country_id': 462, 'national_team': False, 'founded': 1865, 'logo_path': 'https://cdn.sportmonks.com/images/soccer/teams/31/63.png', 'venue_id': 542, 'current_season_id': 19734, 'is_placeholder': False}}}}"
62,892,253463,18576,1733,1,0,goals,"{'data': {'player_id': 253463, 'team_id': 597, 'country_id': 458, 'position_id': 4, 'common_name': 'H. Lozano Bahena', 'display_name': 'Hirving Lozano', 'fullname': 'Hirving Rodrigo Lozano Bahena', 'firstname': 'Hirving Rodrigo', 'lastname': 'Lozano Bahena', 'nationality': 'Mexico', 'birthdate': '30/07/1995', 'birthcountry': 'Mexico', 'birthplace': 'Ciudad de México', 'height': '175 cm', 'weight': '70 kg', 'image_path': 'https://cdn.sportmonks.com/images/soccer/players/23/253463.png', 'team': {'data': {'id': 597, 'legacy_id': 168, 'name': 'Napoli', 'short_code': 'NAP', 'twitter': '@sscnapoli', 'country_id': 251, 'national_team': False, 'founded': 1904, 'logo_path': 'https://cdn.sportmonks.com/images/soccer/teams/21/597.png', 'venue_id': 134, 'current_season_id': 19806, 'is_placeholder': False}}}}"
63,892,1389,18558,1733,1,0,goals,"{'data': {'player_id': 1389, 'team_id': 503, 'country_id': 200, 'position_id': 4, 'common_name': 'S. Mané', 'display_name': 'Sadio Mané', 'fullname': 'Sadio Mané', 'firstname': 'Sadio', 'lastname': 'Mané', 'nationality': 'Senegal', 'birthdate': '10/04/1992', 'birthcountry': 'Senegal', 'birthplace': 'Sedhiou', 'height': '175 cm', 'weight': '69 kg', 'image_path': 'https://cdn.sportmonks.com/images//soccer/players/13/1389.png', 'team': {'data': {'id': 503, 'legacy_id': 39, 'name': 'FC Bayern München', 'short_code': 'BAY', 'twitter': '@FCBayern', 'country_id': 11, 'national_team': False, 'founded': 1900, 'logo_path': 'https://cdn.sportmonks.com/images/soccer/teams/23/503.png', 'venue_id': 53, 'current_season_id': 19744, 'is_placeholder': False}}}}"
64,892,96611,18647,1733,1,0,goals,"{'data': {'player_id': 96611, 'team_id': 591, 'country_id': 17, 'position_id': 4, 'common_name': 'K. Mbappé Lottin', 'display_name': 'Kylian Mbappé', 'fullname': 'Kylian Mbappé Lottin', 'firstname': 'Kylian', 'lastname': 'Mbappé Lottin', 'nationality': 'France', 'birthdate': '20/12/1998', 'birthcountry': 'France', 'birthplace': 'Paris', 'height': '178 cm', 'weight': '73 kg', 'image_path': 'https://cdn.sportmonks.com/images/soccer/players/3/96611.png', 'team': {'data': {'id': 591, 'legacy_id': 131, 'name': 'Paris Saint Germain', 'short_code': 'PSG', 'twitter': '@PSG_inside', 'country_id': 17, 'national_team': False, 'founded': 1970, 'logo_path': 'https://cdn.sportmonks.com/images/soccer/teams/15/591.png', 'venue_id': 131, 'current_season_id': 19745, 'is_placeholder': False}}}}"
65,892,22994,18743,1733,1,0,goals,"{'data': {'player_id': 22994, 'team_id': 34, 'country_id': 556, 'position_id': 3, 'common_name': 'D. Mertens', 'display_name': 'Dries Mertens', 'fullname': 'Dries Mertens', 'firstname': 'Dries', 'lastname': 'Mertens', 'nationality': 'Belgium', 'birthdate': '06/05/1987', 'birthcountry': 'Belgium', 'birthplace': 'Leuven', 'height': '169 cm', 'weight': '61 kg', 'image_path': 'https://cdn.sportmonks.com/images/soccer/players/18/22994.png', 'team': {'data': {'id': 34, 'legacy_id': 126, 'name': 'Galatasaray', 'short_code': 'GAL', 'twitter': '@GalatasaraySK', 'country_id': 404, 'national_team': False, 'founded': 1905, 'logo_path': 'https://cdn.sportmonks.com/images/soccer/teams/2/34.png', 'venue_id': 72098, 'current_season_id': 19900, 'is_placeholder': False}}}}"
66,892,184798,18644,1733,1,0,goals,"{'data': {'player_id': 184798, 'team_id': 591, 'country_id': 44, 'position_id': 4, 'common_name': 'L. Messi', 'display_name': 'Lionel Messi', 'fullname': 'Lionel Andrés Messi Cuccittini', 'firstname': 'Lionel Andrés', 'lastname': 'Messi Cuccittini', 'nationality': 'Argentina', 'birthdate': '24/06/1987', 'birthcountry': 'Argentina', 'birthplace': 'Rosario', 'height': '170 cm', 'weight': '72 kg', 'image_path': 'https://cdn.sportmonks.com/images/soccer/players/30/184798.png', 'team': {'data': {'id': 591, 'legacy_id': 131, 'name': 'Paris Saint Germain', 'short_code': 'PSG', 'twitter': '@PSG_inside', 'country_id': 17, 'national_team': False, 'founded': 1970, 'logo_path': 'https://cdn.sportmonks.com/images/soccer/teams/15/591.png', 'venue_id': 131, 'current_season_id': 19745, 'is_placeholder': False}}}}"
67,892,1366,18873,1733,1,0,goals,"{'data': {'player_id': 1366, 'team_id': 11, 'country_id': 296, 'position_id': 4, 'common_name': 'A. Mitrović', 'display_name': 'Aleksandar Mitrović', 'fullname': 'Aleksandar Mitrović', 'firstname': 'Aleksandar', 'lastname': 'Mitrović', 'nationality': 'Serbia', 'birthdate': '16/09/1994', 'birthcountry': 'Serbia', 'birthplace': 'Smederevo', 'height': '187 cm', 'weight': '90 kg', 'image_path': 'https://cdn.sportmonks.com/images/soccer/players/22/1366.png', 'team': {'data': {'id': 11, 'legacy_id': 407, 'name': 'Fulham', 'short_code': 'FUL', 'twitter': '@FulhamFC', 'country_id': 462, 'national_team': False, 'founded': 1879, 'logo_path': 'https://cdn.sportmonks.com/images/soccer/teams/11/11.png', 'venue_id': 485, 'current_season_id': 19734, 'is_placeholder': False}}}}"
68,892,496,18737,1733,1,1,goals,"{'data': {'player_id': 496, 'team_id': 2712, 'country_id': 716, 'position_id': 2, 'common_name': 'V. Moses', 'display_name': 'Victor Moses', 'fullname': 'Victor Moses', 'firstname': 'Victor', 'lastname': 'Moses', 'nationality': 'Nigeria', 'birthdate': '12/12/1990', 'birthcountry': 'Nigeria', 'birthplace': 'Kaduna', 'height': '177 cm', 'weight': '79 kg', 'image_path': 'https://cdn.sportmonks.com/images/soccer/players/16/496.png', 'team': {'data': {'id': 2712, 'legacy_id': 502, 'name': 'Spartak Moskva', 'short_code': 'SPM', 'twitter': None, 'country_id': 227, 'national_team': False, 'founded': 1922, 'logo_path': 'https://cdn.sportmonks.com/images/soccer/teams/24/2712.png', 'venue_id': 1609, 'current_season_id': 19781, 'is_placeholder': False}}}}"
69,892,5341,18558,1733,1,0,goals,"{'data': {'player_id': 5341, 'team_id': 3682, 'country_id': 200, 'position_id': 4, 'common_name': 'M. Niang', 'display_name': ""M'Baye Niang"", 'fullname': ""M'Baye Babacar Niang"", 'firstname': ""M'Baye Babacar"", 'lastname': 'Niang', 'nationality': 'Senegal', 'birthdate': '19/12/1994', 'birthcountry': 'France', 'birthplace': 'Meulan-en-Yvelines', 'height': '184 cm', 'weight': '75 kg', 'image_path': 'https://cdn.sportmonks.com/images/soccer/players/29/5341.png', 'team': {'data': {'id': 3682, 'legacy_id': 574, 'name': 'Auxerre', 'short_code': None, 'twitter': None, 'country_id': 17, 'national_team': False, 'founded': 1905, 'logo_path': 'https://cdn.sportmonks.com/images/soccer/teams/2/3682.png', 'venue_id': 2155, 'current_season_id': 19745, 'is_placeholder': False}}}}"
70,892,32145,18597,1733,1,0,goals,"{'data': {'player_id': 32145, 'team_id': 3867, 'country_id': 479, 'position_id': 4, 'common_name': 'Y. Ōsako', 'display_name': 'Yuya Osako', 'fullname': 'Yūya Ōsako', 'firstname': 'Yūya', 'lastname': 'Ōsako', 'nationality': 'Japan', 'birthdate': '18/05/1990', 'birthcountry': 'Japan', 'birthplace': 'Kaseda', 'height': '182 cm', 'weight': '71 kg', 'image_path': 'https://cdn.sportmonks.com/images/soccer/players/17/32145.png', 'team': {'data': {'id': 3867, 'legacy_id': 2073, 'name': 'Vissel Kobe', 'short_code': 'VIS', 'twitter': None, 'country_id': 479, 'national_team': False, 'founded': 1966, 'logo_path': 'https://cdn.sportmonks.com/images/soccer/teams/27/3867.png', 'venue_id': 2266, 'current_season_id': 19312, 'is_placeholder': False}}}}"
71,892,31002,18588,1733,1,0,goals,"{'data': {'player_id': 31002, 'team_id': 6, 'country_id': 266, 'position_id': 3, 'common_name': 'I. Perišić', 'display_name': 'Ivan Perišić', 'fullname': 'Ivan Perišić', 'firstname': 'Ivan', 'lastname': 'Perišić', 'nationality': 'Croatia', 'birthdate': '02/02/1989', 'birthcountry': 'Croatia', 'birthplace': 'Split', 'height': '187 cm', 'weight': '80 kg', 'image_path': 'https://cdn.sportmonks.com/images/soccer/players/26/31002.png', 'team': {'data': {'id': 6, 'legacy_id': 148, 'name': 'Tottenham Hotspur', 'short_code': 'TOT', 'twitter': '@SpursOfficial', 'country_id': 462, 'national_team': False, 'founded': 1882, 'logo_path': 'https://cdn.sportmonks.com/images/soccer/teams/6/6.png', 'venue_id': 281313, 'current_season_id': 19734, 'is_placeholder': False}}}}"
72,892,97255,18720,1733,1,0,goals,"{'data': {'player_id': 97255, 'team_id': 10002, 'country_id': 353, 'position_id': 3, 'common_name': 'J. Quintero Paniagua', 'display_name': 'Juan Quintero', 'fullname': 'Juan Fernando Quintero Paniagua', 'firstname': 'Juan Fernando', 'lastname': 'Quintero Paniagua', 'nationality': 'Colombia', 'birthdate': '18/01/1993', 'birthcountry': 'Colombia', 'birthplace': 'Medellín', 'height': '169 cm', 'weight': '64 kg', 'image_path': 'https://cdn.sportmonks.com/images/soccer/players/7/97255.png', 'team': {'data': {'id': 10002, 'legacy_id': 913, 'name': 'River Plate', 'short_code': None, 'twitter': None, 'country_id': 44, 'national_team': False, 'founded': 1901, 'logo_path': 'https://cdn.sportmonks.com/images/soccer/teams/18/10002.png', 'venue_id': 6569, 'current_season_id': 20873, 'is_placeholder': False}}}}"
73,892,29992,18588,1733,1,0,goals,"{'data': {'player_id': 29992, 'team_id': 676, 'country_id': 266, 'position_id': 3, 'common_name': 'I. Rakitić', 'display_name': 'Ivan Rakitić', 'fullname': 'Ivan Rakitić', 'firstname': 'Ivan', 'lastname': 'Rakitić', 'nationality': 'Croatia', 'birthdate': '10/03/1988', 'birthcountry': 'Switzerland', 'birthplace': 'Rheinfelden', 'height': '184 cm', 'weight': '78 kg', 'image_path': 'https://cdn.sportmonks.com/images/soccer/players/8/29992.png', 'team': {'data': {'id': 676, 'legacy_id': 162, 'name': 'Sevilla', 'short_code': 'SEV', 'twitter': '@SevillaFC', 'country_id': 32, 'national_team': False, 'founded': 1890, 'logo_path': 'https://cdn.sportmonks.com/images/soccer/teams/4/676.png', 'venue_id': 177, 'current_season_id': 19799, 'is_placeholder': False}}}}"
74,892,32636,18588,1733,1,0,goals,"{'data': {'player_id': 32636, 'team_id': 113, 'country_id': 266, 'position_id': 4, 'common_name': 'A. Rebić', 'display_name': 'Ante Rebić', 'fullname': 'Ante Rebić', 'firstname': 'Ante', 'lastname': 'Rebić', 'nationality': 'Croatia', 'birthdate': '21/09/1993', 'birthcountry': 'Croatia', 'birthplace': 'Split', 'height': '185 cm', 'weight': '78 kg', 'image_path': 'https://cdn.sportmonks.com/images/soccer/players/28/32636.png', 'team': {'data': {'id': 113, 'legacy_id': 327, 'name': 'Milan', 'short_code': 'MIL', 'twitter': '@acmilan', 'country_id': 251, 'national_team': False, 'founded': 1899, 'logo_path': 'https://cdn.sportmonks.com/images/soccer/teams/17/113.png', 'venue_id': 1721, 'current_season_id': 19806, 'is_placeholder': False}}}}"
75,892,30922,18660,1733,1,0,goals,"{'data': {'player_id': 30922, 'team_id': 68, 'country_id': 11, 'position_id': 4, 'common_name': 'M. Reus', 'display_name': 'Marco Reus', 'fullname': 'Marco Reus', 'firstname': 'Marco', 'lastname': 'Reus', 'nationality': 'Germany', 'birthdate': '31/05/1989', 'birthcountry': 'Germany', 'birthplace': 'Dortmund', 'height': '180 cm', 'weight': '71 kg', 'image_path': 'https://cdn.sportmonks.com/images/soccer/players/10/30922.png', 'team': {'data': {'id': 68, 'legacy_id': 53, 'name': 'Borussia Dortmund', 'short_code': 'BVB', 'twitter': '@BVB', 'country_id': 11, 'national_team': False, 'founded': 1909, 'logo_path': 'https://cdn.sportmonks.com/images/soccer/teams/4/68.png', 'venue_id': 2166, 'current_season_id': 19744, 'is_placeholder': False}}}}"
76,892,1876,18644,1733,1,0,goals,"{'data': {'player_id': 1876, 'team_id': 587, 'country_id': 44, 'position_id': 2, 'common_name': 'F. Rojo', 'display_name': 'Marcos Rojo', 'fullname': 'Faustino Marcos Alberto Rojo', 'firstname': 'Faustino Marcos Alberto', 'lastname': 'Rojo', 'nationality': 'Argentina', 'birthdate': '20/03/1990', 'birthcountry': 'Argentina', 'birthplace': 'La Plata', 'height': '187 cm', 'weight': '80 kg', 'image_path': 'https://cdn.sportmonks.com/images/soccer/players/20/1876.png', 'team': {'data': {'id': 587, 'legacy_id': 918, 'name': 'Boca Juniors', 'short_code': 'BOJ', 'twitter': None, 'country_id': 44, 'national_team': False, 'founded': 1905, 'logo_path': 'https://cdn.sportmonks.com/images/soccer/teams/11/587.png', 'venue_id': 129, 'current_season_id': 20873, 'is_placeholder': False}}}}"
77,892,97544,18554,1733,1,1,goals,"{'data': {'player_id': 97544, 'team_id': 105, 'country_id': 1439, 'position_id': 3, 'common_name': 'F. Sassi', 'display_name': 'Ferjani Sassi', 'fullname': 'Ferjani Sassi', 'firstname': 'Ferjani', 'lastname': 'Sassi', 'nationality': 'Tunisia', 'birthdate': '18/03/1992', 'birthcountry': 'Tunisia', 'birthplace': 'Aryanah', 'height': '186 cm', 'weight': '80 kg', 'image_path': 'https://cdn.sportmonks.com/images/soccer/players/8/97544.png', 'team': {'data': {'id': 105, 'legacy_id': 2286, 'name': 'Al Duhail', 'short_code': None, 'twitter': None, 'country_id': 74505, 'national_team': False, 'founded': 1938, 'logo_path': 'https://cdn.sportmonks.com/images/soccer/teams/9/105.png', 'venue_id': 4722, 'current_season_id': 19702, 'is_placeholder': False}}}}"
78,892,1714,18708,1733,1,0,goals,"{'data': {'player_id': 1714, 'team_id': 75, 'country_id': 62, 'position_id': 4, 'common_name': 'X. Shaqiri', 'display_name': 'Xherdan Shaqiri', 'fullname': 'Xherdan Shaqiri', 'firstname': 'Xherdan', 'lastname': 'Shaqiri', 'nationality': 'Switzerland', 'birthdate': '10/10/1991', 'birthcountry': 'Kosovo', 'birthplace': 'Gjilan', 'height': '169 cm', 'weight': '72 kg', 'image_path': 'https://cdn.sportmonks.com/images//soccer/players/18/1714.png', 'team': {'data': {'id': 75, 'legacy_id': 2815, 'name': 'Chicago Fire', 'short_code': 'CHI', 'twitter': None, 'country_id': 3483, 'national_team': False, 'founded': 1997, 'logo_path': 'https://cdn.sportmonks.com/images/soccer/teams/11/75.png', 'venue_id': 11575, 'current_season_id': 19137, 'is_placeholder': False}}}}"
79,892,814,18635,1733,1,1,goals,"{'data': {'player_id': 814, 'team_id': None, 'country_id': 1796, 'position_id': 3, 'common_name': 'G. Sigurðsson', 'display_name': 'Gylfi Sigurðsson', 'fullname': 'Gylfi Þór Sigurðsson', 'firstname': 'Gylfi Þór', 'lastname': 'Sigurðsson', 'nationality': 'Iceland', 'birthdate': '08/09/1989', 'birthcountry': 'Iceland', 'birthplace': 'Reykjavík', 'height': '186 cm', 'weight': '79 kg', 'image_path': 'https://cdn.sportmonks.com/images/soccer/players/14/814.png'}}"
80,892,4271,18564,1733,1,0,goals,"{'data': {'player_id': 4271, 'team_id': 354, 'country_id': 47, 'position_id': 4, 'common_name': 'O. Toivonen', 'display_name': 'Ola Toivonen', 'fullname': 'Ola Toivonen', 'firstname': 'Ola', 'lastname': 'Toivonen', 'nationality': 'Sweden', 'birthdate': '03/07/1986', 'birthcountry': 'Sweden', 'birthplace': 'Degerfors', 'height': '192 cm', 'weight': '78 kg', 'image_path': 'https://cdn.sportmonks.com/images/soccer/players/15/4271.png', 'team': {'data': {'id': 354, 'legacy_id': 116, 'name': 'Malmö FF', 'short_code': 'MAL', 'twitter': None, 'country_id': 47, 'national_team': False, 'founded': 1910, 'logo_path': 'https://cdn.sportmonks.com/images/soccer/teams/2/354.png', 'venue_id': 9445, 'current_season_id': 19376, 'is_placeholder': False}}}}"
81,892,731,18576,1733,1,1,goals,"{'data': {'player_id': 731, 'team_id': 147671, 'country_id': 458, 'position_id': 4, 'common_name': 'C. Vela Garrido', 'display_name': 'Carlos Vela', 'fullname': 'Carlos Alberto Vela Garrido', 'firstname': 'Carlos Alberto', 'lastname': 'Vela Garrido', 'nationality': 'Mexico', 'birthdate': '01/03/1989', 'birthcountry': 'Mexico', 'birthplace': 'Cancún', 'height': '177 cm', 'weight': '73 kg', 'image_path': 'https://cdn.sportmonks.com/images/soccer/players/27/731.png', 'team': {'data': {'id': 147671, 'legacy_id': None, 'name': 'Los Angeles FC', 'short_code': 'LAF', 'twitter': None, 'country_id': 3483, 'national_team': False, 'founded': 2014, 'logo_path': 'https://cdn.sportmonks.com/images/soccer/teams/23/147671.png', 'venue_id': 219232, 'current_season_id': 19137, 'is_placeholder': False}}}}"
82,892,64192,18558,1733,1,0,goals,"{'data': {'player_id': 64192, 'team_id': 8082, 'country_id': 200, 'position_id': 2, 'common_name': 'M. Wagué', 'display_name': 'Moussa Wagué', 'fullname': 'Moussa Wagué', 'firstname': 'Moussa', 'lastname': 'Wagué', 'nationality': 'Senegal', 'birthdate': '04/10/1998', 'birthcountry': 'Senegal', 'birthplace': 'Bignona', 'height': '177 cm', 'weight': '70 kg', 'image_path': 'https://cdn.sportmonks.com/images/soccer/players/0/64192.png', 'team': {'data': {'id': 8082, 'legacy_id': 1927, 'name': 'Gorica', 'short_code': None, 'twitter': None, 'country_id': 266, 'national_team': False, 'founded': 2009, 'logo_path': 'https://cdn.sportmonks.com/images/soccer/teams/18/8082.png', 'venue_id': 5249, 'current_season_id': 19709, 'is_placeholder': False}}}}"
83,892,240662,18598,1733,1,0,goals,"{'data': {'player_id': 240662, 'team_id': 860, 'country_id': 1739, 'position_id': 2, 'common_name': 'K. Waston Manley', 'display_name': 'Kendall Waston', 'fullname': 'Kendall Jamaal Waston Manley', 'firstname': 'Kendall Jamaal', 'lastname': 'Waston Manley', 'nationality': 'Costa Rica', 'birthdate': '01/01/1988', 'birthcountry': 'Costa Rica', 'birthplace': 'San José', 'height': '196 cm', 'weight': '97 kg', 'image_path': 'https://cdn.sportmonks.com/images//soccer/players/22/240662.png', 'team': {'data': {'id': 860, 'legacy_id': 2131, 'name': 'Deportivo Saprissa', 'short_code': None, 'twitter': None, 'country_id': 1739, 'national_team': False, 'founded': 1935, 'logo_path': 'https://cdn.sportmonks.com/images/soccer/teams/28/860.png', 'venue_id': 301, 'current_season_id': 19958, 'is_placeholder': False}}}}"
84,892,1887,18708,1733,1,0,goals,"{'data': {'player_id': 1887, 'team_id': 19, 'country_id': 62, 'position_id': 3, 'common_name': 'G. Xhaka', 'display_name': 'Granit Xhaka', 'fullname': 'Granit Xhaka', 'firstname': 'Granit', 'lastname': 'Xhaka', 'nationality': 'Switzerland', 'birthdate': '27/09/1992', 'birthcountry': 'Switzerland', 'birthplace': 'Basel', 'height': '185 cm', 'weight': '82 kg', 'image_path': 'https://cdn.sportmonks.com/images/soccer/players/31/1887.png', 'team': {'data': {'id': 19, 'legacy_id': 124, 'name': 'Arsenal', 'short_code': 'ARS', 'twitter': '@Arsenal', 'country_id': 462, 'national_team': False, 'founded': 1886, 'logo_path': 'https://cdn.sportmonks.com/images/soccer/teams/19/19.png', 'venue_id': 204, 'current_season_id': 19734, 'is_placeholder': False}}}}"
85,892,32587,18583,1733,1,0,goals,"{'data': {'player_id': 32587, 'team_id': 277, 'country_id': 320, 'position_id': 4, 'common_name': 'Y. Poulsen', 'display_name': 'Yussuf Poulsen', 'fullname': 'Yussuf Yurary Poulsen', 'firstname': 'Yussuf', 'lastname': 'Yurary Poulsen', 'nationality': 'Denmark', 'birthdate': '15/06/1994', 'birthcountry': 'Denmark', 'birthplace': 'København', 'height': '192 cm', 'weight': '84 kg', 'image_path': 'https://cdn.sportmonks.com/images/soccer/players/11/32587.png', 'team': {'data': {'id': 277, 'legacy_id': 64, 'name': 'RB Leipzig', 'short_code': 'RBL', 'twitter': '@DieRotenBullen', 'country_id': 11, 'national_team': False, 'founded': 2009, 'logo_path': 'https://cdn.sportmonks.com/images/soccer/teams/21/277.png', 'venue_id': 2171, 'current_season_id': 19744, 'is_placeholder': False}}}}"
86,892,32116,18708,1733,1,0,goals,"{'data': {'player_id': 32116, 'team_id': 781, 'country_id': 62, 'position_id': 3, 'common_name': 'S. Zuber', 'display_name': 'Steven Zuber', 'fullname': 'Steven Zuber', 'firstname': 'Steven', 'lastname': 'Zuber', 'nationality': 'Switzerland', 'birthdate': '17/08/1991', 'birthcountry': 'Switzerland', 'birthplace': 'Winterthur', 'height': '182 cm', 'weight': '79 kg', 'image_path': 'https://cdn.sportmonks.com/images/soccer/players/20/32116.png', 'team': {'data': {'id': 781, 'legacy_id': 859, 'name': 'AEK Athens', 'short_code': 'AEK', 'twitter': None, 'country_id': 125, 'national_team': False, 'founded': 1924, 'logo_path': 'https://cdn.sportmonks.com/images/soccer/teams/13/781.png', 'venue_id': 254, 'current_season_id': 20206, 'is_placeholder': False}}}}"
